Time (s),Acceleration x (m/s^2),Acceleration y (m/s^2),Acceleration z (m/s^2)
0,-4.275421619,3.957375765,7.0171175
0.010001563,-3.80427146,3.860525608,6.369313717
0.02,-3.826422691,4.26669693,6.912194252
0.030001563,-3.439213037,4.138827801,7.040015697
0.040009375,-3.057261467,4.117930889,6.864865303
0.050001563,-2.864834547,3.997837782,7.281408787
0.060001563,-2.713875294,3.872094393,7.715381622
0.070001563,-2.6658957,3.746437073,8.112341881
0.08,-2.706060648,3.656127691,8.578271866
0.090001563,-2.813138962,3.553847551,8.946922302
0.100001563,-2.948612452,3.513883591,9.116784096
0.110003125,-3.036527634,3.617743969,9.114563942
0.120001563,-3.063361883,3.710390091,9.024207115
0.130001563,-3.091632605,3.752231121,8.884699821
0.14000625,-3.054053068,3.697489977,8.68487072
0.15,-2.924919367,3.662199497,8.557183266
0.16,-2.815906763,3.65444231,8.453331947
0.170003125,-2.67916894,3.658589125,8.417332649
0.180003125,-2.455167532,3.669937611,8.472045898
0.190001563,-2.282804251,3.676698685,8.63283062
0.200001563,-2.190531731,3.612591743,8.864789963
0.210003125,-2.005134344,3.483314276,8.95271492
0.220003125,-1.756798148,3.280716896,9.054718018
0.230003125,-1.534060717,3.120161772,9.371757507
0.240010938,-1.366322994,2.953487158,9.672183037
0.250004688,-1.306285977,2.806550264,9.908021927
0.260004688,-1.361956,2.731630802,10.03672409
0.270003125,-1.558098555,2.827101946,10.15986252
0.280003125,-1.790019989,3.020457745,10.23551846
0.290007813,-1.976250648,3.195924044,10.16384506
0.300003125,-2.14372015,3.324358463,9.984596252
0.310003125,-2.285284519,3.361832619,9.866591454
0.320004688,-2.157099009,3.328332901,9.786356926
0.330004688,-1.880731583,3.245867014,9.715660095
0.340009375,-1.579780459,3.152004719,9.823572159
0.350003125,-1.387114167,3.166800976,9.877948761
0.360003125,-1.178454757,3.289393663,9.798366547
0.370003125,-0.829973936,3.451653481,9.700549126
0.380001563,-0.544795811,3.514812469,9.935247421
0.390004688,-0.306247115,3.585192442,10.1398859
0.400004688,-0.189534575,3.589444399,10.22926426
0.410003125,-0.140051216,3.583305836,10.33432198
0.420003125,-0.014690821,3.586983204,10.2962265
0.430003125,-0.166033089,3.42188859,10.19136047
0.440003125,-0.229517743,3.369695187,10.31035137
0.450003125,-0.410126746,4.096746922,10.66268253
0.460004688,-0.39151901,4.727705479,10.43900585
0.470004688,0.009002198,4.603034496,10.40872478
0.480003125,0.24693796,4.270154476,10.57795715
0.490007813,0.51655376,4.024442196,10.28868961
0.500003125,0.528467357,3.779572725,10.22533894
0.51000625,0.48294878,4.056208611,10.26513004
0.520003125,0.36351642,4.323449135,9.896623611
0.530004688,0.321637034,4.24211359,9.805347443
0.540004688,0.319510996,4.146460056,9.844947815
0.550003125,0.269424289,4.108756542,9.729193687
0.560003125,0.099033758,4.045444012,9.606044769
0.570003125,-0.081881694,4.044045925,9.536785126
0.580003125,-0.204522282,4.138176441,9.42787838
0.590003125,-0.264003813,4.115843296,9.331784248
0.600004688,-0.347254992,3.950547457,9.275291443
0.610004688,-0.423036277,3.741016626,9.261921883
0.620003125,-0.450809002,3.521027803,9.216766357
0.630003125,-0.511267364,3.328208447,9.145495415
0.640003125,-0.60983187,3.173447132,9.070097923
0.650009375,-0.707860053,3.039314508,8.964532852
0.660003125,-0.761873245,2.967392683,8.915355682
0.670004688,-0.771689475,2.839829445,8.857559204
0.680003125,-0.772474766,2.690603733,8.711685181
0.690001563,-0.808885813,2.518048763,8.749743462
0.700010938,-0.910218,2.365940332,8.746976852
0.710003125,-1.067105174,2.334825516,8.749686241
0.720003125,-1.270277143,2.411640882,8.785780907
0.730003125,-1.327278376,2.504718065,8.779040337
0.740004688,-1.237371325,2.490295172,8.722794533
0.750010938,-1.103410959,2.412617683,8.666636467
0.760004688,-0.950335205,2.414092541,8.585119247
0.770003125,-0.9028247,2.506537437,8.446628571
0.780003125,-0.943890035,2.625328302,8.34636879
0.790003125,-0.991879404,2.724390745,8.339090347
0.800003125,-0.979458272,2.803408861,8.287385941
0.810003125,-0.930367589,2.871145725,8.238907814
0.820004688,-0.850286305,2.971663952,8.208932877
0.830004688,-0.776928008,3.056236744,8.169015884
0.840003125,-0.721497416,3.109004736,8.156558037
0.850007813,-0.675710738,3.180313826,8.144595146
0.860003125,-0.691981733,3.22279644,8.148981094
0.870003125,-0.644260526,3.247006655,8.208616257
0.880003125,-0.589213014,3.255597115,8.230576515
0.890004688,-0.566065848,3.304783583,8.277300835
0.900004688,-0.587623239,3.400072813,8.370100975
0.910003125,-0.581762254,3.528612614,8.474478722
0.920003125,-0.534491122,3.654557228,8.510774612
0.930003125,-0.412109137,3.657755852,8.517228127
0.940003125,-0.311035514,3.584263563,8.507029533
0.950003125,-0.288137376,3.509439945,8.392548561
0.960004688,-0.374299914,3.537997961,8.317427635
0.970004688,-0.488532037,3.655888319,8.326544762
0.980003125,-0.556469917,3.825148821,8.333651543
0.990003125,-0.575805485,4.008190155,8.361146927
1.000003125,-0.533294022,4.084488869,8.443477631
1.010003125,-0.465020984,4.007548809,8.479496002
1.020003125,-0.469886005,3.889955044,8.42412281
1.030004688,-0.567521572,3.767400742,8.342824936
1.040004688,-0.733545065,3.701186657,8.224628448
1.050003125,-0.913598597,3.679112196,8.200514793
1.060003125,-1.08367312,3.718597412,8.210072517
1.070003125,-1.202128649,3.778739691,8.194846153
1.080003125,-1.218926311,3.699663877,8.188054085
1.090003125,-1.214932799,3.537078619,8.185718536
1.100004688,-1.27528584,3.381896019,8.179895401
1.110004688,-1.401527286,3.2939713,8.14991951
1.120003125,-1.587355614,3.164416313,8.100905418
1.130003125,-1.823768735,3.001198769,8.125240326
1.140003125,-2.087715149,2.881383419,8.141903877
1.150003125,-2.279212952,2.697048903,8.125154495
1.160003125,-2.302915573,2.40939045,8.085927963
1.170004688,-2.311467648,2.036201477,8.035620689
1.180004688,-2.410606623,1.739866257,8.01215744
1.190004688,-2.500207186,1.584243178,8.017483711
1.200003125,-2.65684557,1.506182671,8.099602699
1.210003125,-2.792089224,1.462186813,8.208749771
1.220003125,-2.787463665,1.366562366,8.321229935
1.230003125,-2.653972387,1.1562078,8.453763962
1.240004688,-2.532711029,0.865743279,8.544896126
1.250004688,-2.402964354,0.585822821,8.549426079
1.260004688,-2.385649443,0.37770924,8.50598526
1.270003125,-2.375632286,0.211676151,8.424191475
1.28004375,-2.322002172,0.049119439,8.357526779
1.290003125,-2.309274435,-0.092310838,8.310647011
1.300003125,-2.285935879,-0.227382109,8.264995575
1.310003125,-2.37214613,-0.376042873,8.268825531
1.320004688,-2.627980947,-0.31003952,8.25776577
1.330004688,-2.907911062,-0.172717705,8.258607864
1.340003125,-3.095846415,-0.028663382,8.429974556
1.350003125,-3.088395596,-0.046543278,8.723101616
1.360003125,-2.894110918,-0.113772459,8.901450157
1.370003125,-2.497171402,-0.274911791,9.026580811
1.380003125,-2.058764458,-0.369501919,9.215473175
1.390004688,-1.708301187,-0.218303308,9.432771683
1.400004688,-1.451020241,0.217134938,9.594599724
1.410003125,-1.314512491,0.830309093,9.751736641
1.420003125,-1.166589141,1.391308904,9.787716866
1.430003125,-0.859575808,1.595333099,9.764464378
1.440003125,-0.402245015,1.506671071,9.687639236
1.450003125,-0.020312406,1.353710294,9.536574364
1.460004688,0.179258659,1.418564439,9.515018463
1.470004688,0.165458485,1.810418606,9.489706993
1.480003125,0.177563563,2.273351908,9.470302582
1.490003125,0.412856132,2.569313526,9.498775482
1.500003125,0.801099837,2.544500113,9.568896294
1.510003125,1.194208622,2.550629139,9.680150032
1.520003125,1.527893305,2.674620152,9.947534561
1.530004688,1.814009905,2.937350273,10.2339859
1.540003125,2.114625931,3.327126265,10.48584652
1.550003125,2.469571114,3.74758625,10.6693573
1.560003125,3.074097395,3.962049246,10.64516735
1.570003125,3.679409027,3.99604702,10.55244446
1.580003125,4.190858364,4.019060135,10.33010864
1.590003125,4.529025078,4.19644165,10.06403637
1.600004688,4.641140461,4.505475521,9.822863579
1.610004688,4.795920849,4.625013351,8.83245945
1.620003125,5.084249973,4.910928726,9.897294998
1.630003125,5.328764915,5.018715858,10.30707645
1.640003125,5.377453327,4.782944202,10.25279522
1.650003125,5.341818333,4.40554142,10.40515232
1.660003125,5.28815937,4.175363064,10.64889145
1.670004688,5.112626076,4.100491524,10.77350616
1.680003125,4.965411186,4.146546364,10.77791119
1.690003125,4.88886404,4.241222858,10.66846657
1.700003125,4.928023338,4.261295795,10.47824287
1.710003125,5.036882877,4.206171513,10.24110126
1.720003125,5.162703037,4.116934776,9.995323181
1.730010938,5.275105953,4.056007385,9.804581642
1.740004688,5.436954021,4.011149406,9.613266945
1.750004688,5.630482197,4.05651474,9.363790512
1.760004688,5.822477818,4.099629879,9.057178497
1.770003125,5.979451656,4.019682407,8.787104607
1.780003125,6.119234562,3.906503916,8.61214447
1.790003125,6.198683739,3.774487495,8.433154106
1.800003125,6.183284283,3.713588715,8.282990456
1.810003125,6.146250725,3.666221857,8.27850914
1.820004688,6.083828926,3.608674765,8.35661602
1.830004688,6.003565788,3.461622953,8.556771278
1.840003125,5.897033691,3.235131502,8.75799942
1.850003125,5.764662743,3.014864922,8.864905357
1.860003125,5.630185127,2.819373608,8.888080597
1.870003125,5.516020298,2.679781914,8.859312057
1.880003125,5.381150246,2.53705883,8.745328903
1.890003125,5.305043221,2.340724707,8.606034279
1.900004688,5.237775803,2.170496941,8.522591591
1.910003125,5.159628868,2.012230635,8.473999023
1.920003125,5.050290585,1.888335586,8.432762146
1.930003125,4.982515335,1.764057279,8.435069084
1.940003125,4.937609673,1.633611679,8.422255516
1.950003125,4.849235058,1.467722178,8.398486137
1.960004688,4.763915539,1.287467599,8.3839674
1.970004688,4.617629528,1.135090947,8.414325714
1.980003125,4.38794899,1.01298666,8.54463768
1.990003125,4.123657703,0.877800524,8.81071949
2.000003125,3.908562899,0.766297758,9.100503922
2.010003125,3.791064978,0.624848306,9.396408081
2.020003125,3.750354052,0.391279578,9.62584877
2.030004688,3.736841202,0.118982241,9.684403419
2.040003125,3.614047289,-0.062938772,9.679297447
2.050003125,3.37966466,-0.107911453,9.776138306
2.060003125,2.955124617,-0.065898001,9.978678703
2.070003125,2.421150684,0.020800823,10.38082695
2.080003125,2.009405613,0.037158009,10.85317516
2.090003125,1.77223587,0.013091494,11.24973106
2.100004688,1.721603274,-0.090184785,11.49652672
2.110004688,1.732616663,-0.155125111,11.54131603
2.120003125,1.723719835,-0.247464672,11.42738056
2.130003125,1.62719512,-0.339938313,11.2153883
2.140003125,1.330237508,-0.302349359,11.01108646
2.150003125,0.933451295,-0.041783605,10.75013733
2.160003125,0.566784143,0.293816417,10.48654556
2.170004688,0.309215933,0.517952025,10.36725712
2.180004688,0.168120831,0.576456726,10.36615658
2.190004688,0.109711893,0.56189996,10.52036095
2.200003125,0.111962445,0.548473299,10.77994156
2.210003125,0.116453968,0.470288247,10.97614098
2.220003125,0.031009698,0.418630928,11.01775169
2.230003125,-0.132217392,0.44600144,11.06306934
2.240004688,-0.365096599,0.639290154,11.06455326
2.250004688,-0.56546253,0.847260058,11.0458231
2.260004688,-0.734282494,1.044599771,11.00004387
2.270003125,-0.790900528,1.127898812,11.00984097
2.280003125,-0.757669032,1.043642044,10.9838028
2.290003125,-0.745190442,0.902345836,10.94512177
2.300003125,-0.892941415,0.830175042,10.8504734
2.310003125,-1.187792182,0.862755358,10.76472378
2.320004688,-1.559477568,0.959528983,10.67420292
2.330004688,-1.847126484,1.032705307,10.64244747
2.340003125,-2.0779562,1.05547893,10.75812626
2.350003125,-2.27065134,1.077438593,10.90133572
2.360003125,-2.34762001,1.146401167,11.02510643
2.370003125,-2.36281848,1.277708769,11.21756268
2.380003125,-2.27900219,1.522013068,11.47839642
2.390004688,-2.103018761,1.771977305,11.64789772
2.400004688,-1.779859066,2.061474562,11.75515747
2.410003125,-1.366888046,2.388120413,11.79282188
2.420003125,-0.895603776,2.753073215,11.80467892
2.430003125,-0.436137348,3.15281868,11.82028866
2.440003125,-0.006665457,3.551185131,11.78613758
2.450001563,0.356352955,3.863800764,11.69089603
2.460004688,0.763884366,4.185763359,11.57831192
2.470004688,1.090118289,4.426495552,11.44589233
2.480003125,1.361343026,4.572666645,11.26814747
2.490003125,1.561507821,4.664584637,11.15918255
2.500003125,1.646051884,4.757489204,11.13609409
2.510003125,1.724074125,4.864136696,11.10398102
2.520003125,1.805898428,5.012672901,11.02968502
2.530004688,1.913905621,5.181780338,10.8661232
2.540004688,2.07767868,5.365597248,10.58608723
2.550003125,2.279145956,5.475232601,10.29903126
2.560003125,2.48257637,5.496513367,10.03263378
2.570003125,2.645851374,5.469027042,9.695731163
2.580003125,2.837358713,5.411048889,9.396792412
2.590003125,3.072785378,5.403119087,9.272493362
2.600004688,3.2280159,5.398177624,9.325721741
2.610004688,3.283427238,5.385833263,9.368636131
2.620003125,3.335391045,5.43578577,9.41559124
2.630003125,3.436818838,5.449126244,9.453025818
2.640003125,3.60449934,5.448139668,9.451378822
2.650003125,3.783097029,5.400897503,9.40792942
2.660003125,3.968446732,5.340209007,9.385826111
2.670004688,4.131309986,5.229673862,9.37347126
2.680003125,4.232124805,5.087065697,9.314631462
2.690004688,4.293732643,4.95001173,9.241743088
2.700003125,4.280755997,4.891573906,9.209373474
2.710003125,4.253663063,4.869786739,9.21985054
2.720003125,4.205845833,4.787857533,9.176984787
2.730003125,4.152053356,4.666931152,9.110846519
2.740004688,4.06072855,4.566738605,9.024224281
2.750003125,3.950260162,4.42872715,8.90456295
2.760004688,3.785462618,4.229950905,8.774940491
2.770003125,3.636715651,4.04980135,8.564336777
2.780003125,3.577100039,3.757814407,8.302707672
2.790007813,3.542518139,3.322998524,7.996221542
2.800003125,3.44717145,2.923272371,7.635884762
2.810003125,3.280582905,2.678201914,7.274292946
2.820004688,2.957825422,2.579800129,6.976655483
2.830004688,2.524972916,2.576591969,6.808189869
2.840003125,2.118466139,2.543398619,6.793422699
2.850003125,1.842395544,2.439030647,6.799005985
2.860003125,1.677550077,2.242753983,6.66942215
2.870003125,1.616229773,2.081921101,6.512065411
2.880003125,1.646243453,1.938297749,6.384167194
2.890004688,1.681208372,1.762208939,6.216697693
2.900003125,1.652679086,1.649633646,6.02338028
2.910003125,1.526667476,1.678048015,5.912250996
2.920003125,1.419119954,1.803408384,5.840903759
2.930003125,1.275429487,1.92372179,5.825054169
2.940003125,1.10827589,1.984697342,5.870419502
2.950003125,0.950095832,2.05761528,5.915822983
2.960004688,0.891169727,2.142235756,5.973446846
2.970004688,0.914527535,2.108726501,5.991116047
2.980003125,0.970513582,1.976183534,5.959569931
2.990003125,1.030292034,1.79042232,5.920276165
3.000003125,1.052644253,1.686197877,5.919156075
3.010003125,1.05058527,1.621343732,5.946287155
3.020003125,1.037560821,1.739674807,5.944304466
3.030004688,1.097961664,1.834686279,5.828722
3.040004688,1.236289144,1.850966811,5.729717255
3.050003125,1.434203386,1.703771353,5.726671696
3.060003125,1.522846341,1.511392474,5.619890213
3.070003125,1.432843447,1.369856834,5.427262306
3.080003125,1.253766775,1.297982931,5.369121552
3.090003125,1.108639836,1.247072577,5.50459528
3.100004688,0.958705366,1.182678103,5.737665653
3.110003125,0.928318143,1.114022017,6.024606228
3.120003125,1.080723405,1.038049221,6.333668709
3.130003125,1.383915544,0.861280501,6.608896732
3.140003125,1.665684342,0.648368955,6.760660172
3.150003125,1.896830201,0.453605443,6.904858112
3.160003125,1.994456172,0.325170875,6.959340572
3.170004688,1.994915843,0.237284526,7.042994022
3.180004688,1.787530065,0.267662168,7.082900524
3.190004688,1.638064861,0.412233621,7.104917526
3.200003125,1.667705059,0.531608522,7.172510624
3.210003125,1.746005058,0.641061842,7.30807066
3.220003125,1.958322883,0.756136775,7.566214561
3.230003125,2.100298882,0.910792589,7.828435898
3.240003125,2.099743605,1.268783212,8.119610786
3.250004688,2.085627317,1.785241246,8.486515999
3.260004688,2.34142375,2.09997344,8.723196983
3.270003125,2.752201796,2.031087399,8.649091721
3.280003125,3.249410391,1.708234072,8.286130905
3.290003125,3.680778503,1.262424231,7.877239227
3.300003125,3.823530436,0.766144514,7.447211742
3.310003125,3.614334583,0.538398504,7.114341259
3.320004688,3.036316872,0.850659847,7.310847759
3.330004688,2.326416969,1.695832133,7.931128025
3.340003125,1.90686667,2.630337,8.521241188
3.350003125,2.235418081,2.978597403,8.792255402
3.360003125,3.114013433,2.508328438,9.045724869
3.370003125,4.148749352,1.663883924,9.15058136
3.380003125,5.021052361,0.892625391,8.829510689
3.390004688,5.344108105,0.361840487,8.907130241
3.400004688,4.781699657,0.622032702,9.84377861
3.410003125,3.832331419,1.950536847,11.02283669
3.420003125,3.123820066,3.401844501,12.16128922
3.430003125,3.205903053,4.245474815,13.07730198
3.440003125,4.150722027,4.192994118,13.53285122
3.450003125,5.438706875,3.745278358,13.74463272
3.460004688,6.576134205,3.207215071,13.54079056
3.470004688,7.393045425,2.870494604,13.31007576
3.480003125,7.597472191,3.048613548,13.23466778
3.490003125,7.259324551,3.689799786,13.20676041
3.500003125,6.676691055,4.635614872,13.19927216
3.510003125,6.331686497,5.31311655,13.34517479
3.520003125,6.34644413,5.408932209,13.57021141
3.530004688,6.647175312,4.899551392,13.58050632
3.540004688,7.029031277,4.101008892,13.35817051
3.550003125,7.113527298,3.472042322,13.00788975
3.560003125,6.861647606,3.153537035,12.57919312
3.570003125,6.365128517,3.182870865,12.21660519
3.580003125,5.87084198,3.366793394,12.01236153
3.590003125,5.599894047,3.302571297,11.88389778
3.600004688,5.557162285,2.997856379,11.93362999
3.610004688,5.600583553,2.61892128,12.1287384
3.620003125,5.586457729,2.330975533,12.25254822
3.630003125,5.463329792,2.131519318,12.26167393
3.640003125,5.2701931,1.937799692,12.20841789
3.650003125,5.074280262,1.742164731,12.04766083
3.660003125,4.864682674,1.485707402,11.747859
3.670004688,4.652805328,1.257923126,11.54717731
3.680003125,4.41818285,1.085186243,11.38771343
3.690004688,4.182756424,1.020140529,11.24895668
3.700003125,3.989754915,0.923979878,11.1614418
3.710003125,3.892263174,0.804719865,11.15005589
3.720003125,3.831134319,0.630077243,11.16357803
3.730003125,3.752556562,0.476312041,11.21930695
3.740003125,3.629331827,0.397379994,11.25865746
3.750004688,3.493657351,0.354437619,11.23433208
3.760004688,3.312780142,0.280485511,11.26559925
3.770003125,3.182018518,0.271301359,11.37759113
3.780003125,3.084650993,0.315278053,11.39565372
3.790003125,3.043375015,0.446422845,11.43278217
3.800003125,3.090512037,0.591157079,11.36474037
3.810003125,3.187544346,0.727214813,11.25858974
3.820004688,3.235389948,0.84296006,11.10359859
3.830004688,3.271417856,0.936372221,10.85068417
3.840003125,3.207339525,0.992396593,10.62885857
3.850003125,3.161284685,1.060353637,10.51372433
3.860003125,3.08074379,1.181634307,10.41937542
3.870004688,2.975561619,1.364235282,10.35338974
3.880003125,2.809538126,1.577098846,10.37381649
3.890004688,2.828778028,1.708588481,10.24971199
3.900004688,2.957921267,1.803485036,10.31882668
3.910003125,2.945174456,1.795201063,10.24547863
3.920003125,2.864030123,1.826660872,10.19865704
3.930003125,2.759480238,1.968215704,10.22634411
3.940003125,2.638285637,2.216465712,10.07287502
3.950003125,2.47006917,2.565300941,10.02087498
3.960029688,2.639061451,2.682549715,10.59176636
3.970004688,2.956206799,2.499651909,10.5580368
3.980003125,3.239594221,2.161169052,10.49204254
3.990003125,3.434443951,2.094763517,10.3721323
4.000003125,3.365787745,2.336367369,10.24663734
4.010003125,3.189679861,2.516880512,10.45192623
4.020003125,3.040712595,2.590047359,10.71058559
4.030004688,2.967363834,2.597862005,10.55084515
4.040004688,2.972286463,2.512915611,10.36402988
4.050003125,2.904951811,2.328227043,10.20196152
4.060003125,2.74215579,2.135924816,10.21278286
4.070003125,2.46588397,1.946016669,10.3200922
4.080003125,2.108027458,1.816040277,10.42903709
4.090003125,1.802201748,1.781352997,10.44656277
4.100004688,1.543570518,1.734168053,10.45643616
4.110004688,1.317050338,1.673968315,10.56791019
4.120003125,1.219318986,1.624484897,10.43544388
4.130003125,1.219692469,1.515069962,10.01696682
4.140003125,1.213649511,1.328609467,9.594006538
4.150003125,1.205490112,1.169816494,9.282280922
4.160003125,1.049206138,1.011693835,8.91722393
4.170004688,0.814785123,0.848686993,8.791489601
4.180004688,0.576992989,0.760455906,8.76642704
4.190004688,0.323648185,0.689233184,8.586172104
4.200003125,0.069594651,0.72012794,8.243992805
4.210003125,-0.128061056,0.678133667,7.867892265
4.220003125,-0.309407473,0.535659492,7.567630768
4.230003125,-0.331338346,0.314176708,7.286064148
4.240003125,-0.343654126,0.010400412,7.138331413
4.250004688,-0.42256701,-0.1959223,7.149861813
4.260003125,-0.551240981,-0.228991017,7.097907543
4.270003125,-0.66749382,-0.183290496,6.890656948
4.280003125,-0.798427939,-0.146084607,6.675897121
4.290003125,-0.911759853,-0.121223219,6.469946861
4.300003125,-0.979477465,-0.227497041,6.292775631
4.310003125,-1.053266764,-0.461410522,6.268881798
4.320004688,-1.110555172,-0.654411912,6.396195889
4.330004688,-1.159827828,-0.693571448,6.528853893
4.340003125,-1.284297585,-0.645132005,6.674286842
4.350003125,-1.335590959,-0.626696646,6.761435986
4.360003125,-1.242753386,-0.753273308,6.776643753
4.370003125,-1.116827965,-1.06325531,6.748698711
4.380003125,-1.069049358,-1.39740932,6.676259995
4.390004688,-1.156705856,-1.739550233,6.561491489
4.400004688,-1.337697864,-2.055259228,6.533067703
4.410003125,-1.66531086,-2.379156351,6.599090099
4.420003125,-2.164386988,-2.663654566,6.914588451
4.430003125,-2.689512014,-2.954559803,7.416824818
4.440003125,-3.058218956,-3.176109552,7.756696224
4.450003125,-3.20134449,-3.352591038,7.862567425
4.460004688,-3.089123487,-3.511518002,7.804886341
4.470004688,-2.848601818,-3.65583086,7.64445591
4.480003125,-2.56337595,-3.715906143,7.343523979
4.490003125,-2.225381613,-3.71890378,7.076867104
4.500003125,-1.82503283,-3.634196997,6.864223957
4.510003125,-1.340139985,-3.445849895,6.982306004
4.520003125,-0.356697738,-2.775157452,7.411453247
4.530004688,-0.582241118,-3.190714121,6.959637642
4.540003125,-0.143556327,-3.276503086,6.889029026
4.550003125,1.003994107,-2.950278759,7.823264599
4.560003125,1.349534869,-2.571324587,8.685062408
4.570003125,1.476274252,-1.963082552,8.852005005
4.580003125,1.701999664,-1.548014164,9.226937294
4.590003125,2.09747386,-1.294554353,9.559950829
4.600004688,2.610263824,-1.118503928,9.993235588
4.610004688,2.984113693,-0.844185889,10.51098633
4.620004688,3.339422703,-0.380994081,10.73129082
4.630003125,3.584550858,0.206734523,10.68564701
4.640003125,3.609871864,0.721621931,10.67738247
4.650003125,3.931901455,1.29369247,10.94862652
4.660003125,4.004972458,2.162806749,11.23391151
4.670004688,4.230199814,2.473478317,13.10301685
4.680003125,4.590948582,2.39312911,12.59260941
4.690004688,4.779918194,2.497956753,12.06422997
4.700003125,5.018016815,2.934850693,12.45182133
4.710003125,5.354967117,3.223677635,13.15867519
4.720003125,5.716778755,3.283819914,13.18123817
4.730003125,6.038463593,3.228485107,13.15609074
4.740003125,6.370711803,3.027946711,13.20261383
4.750004688,6.428986549,2.666364908,13.13553905
4.760004688,6.355762482,2.253786564,13.20558262
4.770003125,6.241070747,2.04850769,13.61966515
4.780003125,6.079490662,2.044945002,13.65882397
4.790003125,5.845586777,2.039984226,13.35181141
4.800003125,5.593716621,1.981891394,13.28327084
4.810003125,5.242794037,1.858273983,13.32303238
4.820004688,4.988299847,1.732473016,13.08783722
4.830003125,4.87761116,1.570768595,12.77592945
4.840003125,4.826298714,1.439231157,12.52897263
4.850003125,4.916042805,1.423783779,12.16125202
4.860003125,5.1829772,1.433906436,11.59840298
4.870003125,5.548092842,1.347878098,10.99700832
4.880003125,5.905326843,1.181318283,10.3911047
4.890004688,6.125794411,0.958523393,9.950416565
4.900004688,6.09721756,0.77817297,9.801880836
4.910003125,5.823282242,0.696674347,9.738213539
4.920003125,5.464688778,0.670807421,9.530895233
4.930003125,5.118515491,0.582336843,9.398495674
4.940003125,4.821280479,0.399889141,9.401732445
4.950003125,4.566872597,0.11810118,9.37029171
4.960004688,4.4680686,-0.196736336,9.266269684
4.970004688,4.409085274,-0.507168531,9.215206146
4.980003125,4.291922569,-0.727080703,9.174111366
4.990003125,4.081759453,-0.832923591,9.069284439
5.000003125,3.850872278,-0.931133747,8.980439186
5.010003125,3.60539937,-1.047846317,9.013402939
5.020003125,3.420892715,-1.16748929,9.161144257
5.030004688,3.326925039,-1.321513057,9.31082058
5.040004688,3.324396849,-1.474081159,9.324295044
5.050003125,3.328083992,-1.565147042,9.304203033
5.060003125,3.34812808,-1.615999937,9.224878311
5.070003125,3.370691061,-1.695956588,9.048569679
5.080003125,3.245541334,-1.749558091,9.04343605
5.090003125,3.030379295,-1.744338632,9.114916801
5.100004688,2.832455397,-1.688879371,9.106824875
5.110004688,2.59273839,-1.645458102,9.139530182
5.120004688,2.338694334,-1.609018445,9.191523552
5.130003125,2.086699963,-1.578956842,9.275366783
5.140003125,1.835806727,-1.5849998,9.315332413
5.150003125,1.579330325,-1.652027845,9.350803375
5.160003125,1.28306222,-1.731017351,9.309901237
5.170004688,1.009950876,-1.836592078,8.969924927
5.180004688,0.794214129,-1.952030897,8.491765022
5.190004688,0.625183523,-2.048909903,8.466758728
5.200003125,0.422777683,-2.05495286,8.585809708
5.210003125,0.215372801,-1.997214198,8.50391674
5.220003125,-0.100786313,-1.875186563,8.293102264
5.230003125,-0.488656551,-1.778336287,8.103865623
5.240003125,-0.911003292,-1.646760583,7.998175144
5.250004688,-1.373879075,-1.488226175,7.908028603
5.260004688,-1.81845355,-1.42320919,7.772526264
5.270003125,-2.210432291,-1.4102422,7.744590759
5.280003125,-2.552400827,-1.384480596,7.896986485
5.290003125,-2.773979425,-1.317567468,8.161077499
5.300003125,-2.964280128,-1.163716078,8.42052269
5.310003125,-3.096526384,-1.02057147,8.646371841
5.320004688,-3.150309563,-0.866001844,8.805030823
5.330004688,-3.174826145,-0.702688575,8.976417542
5.340003125,-3.16510582,-0.509419084,9.174369812
5.350003125,-3.107415199,-0.346373945,9.252439499
5.360003125,-3.067767143,-0.187149957,9.315771103
5.370003125,-3.011436462,-0.063360155,9.447136879
5.380003125,-3.013773203,0.006291962,9.667450905
5.390004688,-2.940098763,0.10228987,9.829806328
5.400004688,-2.792539358,0.294094145,9.763287544
5.410003125,-2.728077888,0.543828547,9.652721405
5.420003125,-2.798687696,0.788238227,9.614080429
5.430003125,-2.829256773,1.062719107,9.632946014
5.440003125,-2.710686207,1.281807661,9.503908157
5.450003125,-2.496750116,1.359705448,9.33791256
5.460004688,-2.192073584,1.386233091,9.24901104
5.470004688,-1.947108388,1.412234187,9.298218727
5.480003125,-1.887550235,1.493455052,9.446973801
5.490003125,-1.988930345,1.652228951,9.654665947
5.500003125,-2.20524168,1.868492365,9.920528412
5.510003125,-2.496558428,2.104465008,10.40736485
5.520003125,-2.699749708,2.225257158,10.77031612
5.530004688,-2.613070011,2.190119743,10.64044571
5.540003125,-2.468517542,2.005737543,10.3527298
5.550003125,-2.477012157,1.766729236,10.07752037
5.560003125,-2.577338934,1.638831019,9.867060661
5.570003125,-2.767553329,1.494173288,9.607135773
5.580003125,-3.062969208,1.335658073,9.612240791
5.590003125,-3.386636496,1.246986389,10.27723503
5.600004688,-3.605667591,1.279298544,11.05076408
5.610004688,-3.548944235,1.259972572,11.65294266
5.620004688,-3.1153543,1.00028789,12.13866997
5.630003125,-2.579800129,0.790469587,11.98374653
5.640003125,-2.117958546,0.774754047,11.78598404
5.650003125,-1.694539309,0.923970282,11.72461605
5.660003125,-1.237419128,1.051188588,11.74528313
5.670004688,-0.932196736,0.972840726,12.0684042
5.680003125,-0.604267776,0.853322208,12.36841679
5.690004688,-0.240684301,0.841293693,12.39910126
5.700003125,0.044292729,0.853149772,12.58577156
5.710003125,0.364502817,0.916452467,12.74547577
5.720003125,0.796608329,1.01564908,12.70585632
5.730003125,1.13154757,1.123656273,12.47571564
5.740003125,1.370230317,1.08668983,12.1292944
5.750004688,1.397993445,0.845938444,11.98079586
5.760004688,1.22553432,0.513441324,11.9171114
5.770003125,0.979113519,0.18438226,11.76942539
5.780003125,0.683247685,-0.086114645,11.81858444
5.790003125,0.439326406,-0.242743313,12.04130268
5.800003125,0.319922805,-0.356736034,12.18951225
5.810003125,0.368237793,-0.461353064,12.15453815
5.820003125,0.476225853,-0.537038565,12.04756546
5.830004688,0.582940221,-0.636072338,11.99782467
5.840003125,0.796761572,-0.78053844,11.72859192
5.850003125,1.003017187,-0.975407302,11.50780678
5.860003125,1.050680995,-1.083280444,11.65691757
5.870003125,0.96709466,-1.08163321,11.7659111
5.880003125,0.776822627,-0.929879189,11.95969868
5.890004688,0.533677101,-0.716661155,12.16683483
5.900004688,0.407282412,-0.480573714,12.16891289
5.910003125,0.429969877,-0.274863929,12.13878441
5.920003125,0.459629238,-0.095605262,12.44689941
5.930003125,0.642460048,0.094101697,12.55749321
5.940003125,0.851100385,0.063446343,12.25473976
5.950003125,1.037043691,0.209023371,12.56796074
5.960004688,1.322106838,0.286068797,12.61331558
5.970004688,1.247417331,0.187255293,13.08382416
5.980003125,1.345158219,0.01604115,13.4070034
5.990003125,1.863895535,-0.348088175,13.37468052
6.000003125,1.987637401,-0.004932055,12.41464424
6.010003125,1.851416945,1.107040524,10.4360199
6.020003125,1.880702853,1.357454896,9.410898209
6.030004688,1.428524375,1.365087509,9.314957619
6.040003125,0.858474493,1.910706997,9.577400208
6.050003125,0.491012454,2.548551083,9.252267838
6.060003125,0.315919697,2.760974169,9.095208168
6.070003125,0.206581295,2.696761608,9.542752266
6.080003125,0.358641833,2.724965334,9.835207939
6.090003125,0.614237189,2.897453308,10.11201668
6.100004688,0.786351562,3.200290918,10.42532063
6.110004688,0.920283198,3.471209288,10.370821
6.120004688,1.00855267,3.627761364,10.21496677
6.130003125,1.060458899,3.614708185,10.08915615
6.140003125,1.153832793,3.594769239,9.676548958
6.150003125,1.211475611,3.596981525,9.331180573
6.160003125,1.580546498,3.622426987,8.538249969
6.170003125,1.961387396,3.80647397,8.798537254
6.180004688,1.898180485,3.794397831,7.765861034
6.190004688,1.709316254,3.961407661,8.419879913
6.200003125,1.998535872,3.629523516,8.482149124
6.210003125,3.213430405,2.787271976,8.076551437
6.220003125,3.770781279,3.577061653,7.444387913
6.230003125,3.536705017,4.093557835,7.951842785
6.240003125,3.64756608,3.881355047,8.479869843
6.250004688,2.826211452,4.063898563,8.72354126
6.260004688,2.155288935,4.087495804,8.125173569
6.270046875,1.348672867,4.314906597,7.553476334
6.280003125,0.887396455,5.023216724,6.822765827
6.290003125,1.509371758,5.452181339,6.396512032
6.300003125,2.743477345,5.48986578,6.404881954
6.310003125,3.985445499,4.944102764,5.971617699
6.320004688,4.714067936,4.336368561,5.122624397
6.330004688,4.649003029,4.337594032,4.93693924
6.340003125,4.193175793,4.778040886,5.502756119
6.350003125,3.916473389,5.03184557,6.08490181
6.360003125,4.009770393,4.762516975,6.850070477
6.370003125,4.368833542,4.149908066,7.387902737
6.380003125,4.835913658,3.624639273,7.492567539
6.390004688,4.828664303,3.588946581,7.259678841
6.400004688,4.633910179,3.764853239,7.151997566
6.410003125,4.674554348,3.897223949,7.301998615
6.420003125,4.957567692,4.016646862,7.600134373
6.430003125,5.354028702,4.143070221,7.882353306
6.440003125,5.814040661,4.187831879,7.961735249
6.450003125,6.379053116,4.186309338,7.417993069
6.460004688,6.650268555,4.141068459,7.207427979
6.470004688,6.771501064,4.005547047,6.782341957
6.480003125,7.57915163,3.220344782,7.086443901
6.490003125,7.045167923,3.366582632,6.90776968
6.500003125,6.113536358,4.407121658,6.830906391
6.510003125,6.200244904,4.990052223,7.21848917
6.520003125,6.610591888,4.700220108,7.5548172
6.530004688,6.971857548,4.392277718,7.315128803
6.540004688,7.222119808,4.29627037,7.149689198
6.550003125,7.233840942,4.335573673,7.147256851
6.560003125,7.038810253,4.365098953,7.02907896
6.570003125,6.697932243,4.378228664,6.838117599
6.580003125,6.160520077,4.536973953,6.640375614
6.590003125,5.657412052,4.826470852,6.547231674
6.600004688,5.411700249,5.037917137,6.62481308
6.610004688,5.538611889,4.985292912,6.668109894
6.620004688,5.796841145,4.775369167,6.693296909
6.630003125,5.773329735,4.644406319,6.598180294
6.640003125,5.497096539,4.682406902,6.520694256
6.650003125,5.136434078,4.707306862,6.519545078
6.660003125,4.665523052,4.576420784,6.334492207
6.670003125,4.333926201,4.31415987,6.459163189
6.680003125,3.994955301,4.262320518,6.671452522
6.690004688,3.754586935,4.387757301,6.975774288
6.700003125,3.639598131,4.416286945,7.293917179
6.710003125,3.489845753,4.346241951,7.371181488
6.720003125,3.187486887,4.343732834,7.198282242
6.730003125,2.948966742,4.322692871,7.075651169
6.740003125,2.725798607,4.278227806,6.917480469
6.750004688,2.498244047,4.111275196,6.861398697
6.760004688,2.199792385,4.046181679,7.017290115
6.770003125,2.024536848,4.15666914,7.298369408
6.780003125,2.006187677,4.224224091,7.697721958
6.790003125,2.125198603,4.196001053,7.90322113
6.800003125,2.144696951,4.218793869,7.980257034
6.810003125,2.149351358,4.216026306,8.08978653
6.820004688,2.195109367,4.165259361,8.48317337
6.830004688,2.187601089,4.214924812,8.562327385
6.840003125,2.049886703,4.298903942,8.495038986
6.850003125,1.946064472,4.363643169,8.628242493
6.860003125,1.802948713,4.409793854,8.755069733
6.870003125,1.60256362,4.393934727,8.692751884
6.880003125,1.32163763,4.419169426,8.74250412
6.890004688,1.042904615,4.477501869,8.941069603
6.900004688,0.606853485,4.451271057,9.079819679
6.910003125,0.10051816,4.316371918,9.208213806
6.920003125,-0.487449855,4.279252052,9.409796715
6.930003125,-0.959327877,4.308595657,9.579094887
6.940003125,-1.251813054,4.365864754,9.652004242
6.950003125,-1.387727141,4.373258114,9.642790794
6.960004688,-1.510271907,4.409592628,9.631346703
6.970004688,-1.709670663,4.492326736,9.523022652
6.980003125,-1.976662397,4.585125923,9.376173973
6.990003125,-2.258421659,4.790328026,9.177951813
7.000003125,-2.386358261,5.022451878,9.043685913
7.010003125,-2.388809919,5.188091278,8.960577011
7.020003125,-2.365423203,5.310703278,9.003376007
7.030004688,-2.31070137,5.426036358,9.002571106
7.040004688,-2.184316397,5.568472385,9.062819481
7.050004688,-1.974335313,5.781881809,9.09961319
7.060003125,-1.662686825,6.040676117,9.018066406
7.070003125,-1.369770646,6.333640099,8.9643507
7.080003125,-1.05583334,6.610390663,8.815431595
7.090003125,-0.698886573,6.881394863,8.65331459
7.100004688,-0.334259272,7.132087231,8.358732224
7.110004688,0.047759533,7.325040817,8.162187576
7.120004688,0.355136722,7.454834938,8.027422905
7.130003125,0.701683044,7.549683571,7.871311188
7.140003125,1.019249916,7.605785847,7.731729507
7.150003125,1.649231434,7.595029831,7.778962135
7.160003125,0.881487548,7.97769022,7.833904266
7.170003125,1.251765251,8.111908913,7.065289021
7.180004688,1.449660301,8.280711174,7.442720413
7.190003125,1.440198421,8.179665565,7.025248528
7.200003125,1.60389483,7.909437656,6.950587749
7.210003125,1.609027982,7.883176804,6.969491959
7.220003125,1.724802017,7.852331161,7.037363052
7.230003125,0.977428019,7.876702785,7.174033642
7.240003125,1.169739842,7.717182159,6.992639065
7.250004688,1.23496747,7.763485909,7.216602325
7.260004688,1.219998956,7.658638954,6.894764423
7.270003125,1.374060988,7.443256855,6.589877129
7.280003125,1.449947596,7.476757526,6.472273827
7.290003125,1.472941518,7.481880188,6.44483614
7.300003125,1.419522166,7.387691975,6.459479332
7.310003125,1.498071074,7.234271526,6.46312809
7.320004688,1.586350083,7.141932011,6.519889832
7.330004688,1.62058723,7.085055351,6.521336079
7.340003125,1.59478724,7.083149433,6.523911953
7.350003125,1.617790699,7.149306297,6.497460842
7.360003125,1.694328547,7.223585129,6.472877026
7.370003125,1.801655889,7.276677608,6.500439167
7.380003125,1.901024818,7.299413204,6.499855042
7.390004688,1.919000506,7.299594879,6.379704475
7.400004688,1.903620124,7.264151096,6.234577656
7.410003125,1.899377584,7.272320271,6.071101665
7.420003125,1.798888206,7.330786705,5.965191364
7.430003125,1.768558383,7.440000534,5.908966064
7.440003125,1.78843987,7.574832439,5.803649902
7.450003125,1.804653406,7.678089619,5.683173656
7.460004688,1.87193048,7.746822357,5.574994087
7.470004688,1.964605212,7.806198597,5.554289341
7.480003125,1.954846501,7.850663662,5.498025417
7.490003125,1.899281859,7.872891426,5.480059147
7.500003125,1.794904232,7.899956703,5.505773067
7.510003125,1.745554924,7.870114326,5.546924591
7.520003125,1.696607828,7.848489761,5.623136997
7.530004688,1.703570247,7.839851379,5.677801132
7.540004688,1.709354639,7.846834183,5.733941555
7.550004688,1.754547596,7.823609352,5.748985767
7.560003125,1.766863346,7.839776039,5.751513958
7.570003125,1.711231709,7.827229023,5.78513813
7.580003125,1.627903819,7.75417757,5.806628227
7.590003125,1.504822731,7.682657719,5.926290512
7.600004688,1.411707401,7.654501915,6.031644821
7.610004688,1.361975074,7.609318733,6.001190662
7.620004688,1.473707676,7.539857864,5.880149364
7.630003125,1.562637925,7.517362118,5.755478859
7.640003125,1.556355596,7.520014763,5.668703079
7.650003125,1.5429672,7.526996136,5.688546181
7.660003125,1.518584609,7.536879539,5.725321293
7.670003125,1.516611814,7.57874918,5.766606808
7.680003125,1.440399528,7.616232872,5.84519434
7.690003125,1.432058215,7.642818451,5.91653204
7.700003125,1.456469417,7.656694889,5.947378635
7.710003125,1.430679083,7.657749653,5.907682896
7.720003125,1.526590824,7.689294338,5.773272514
7.730003125,1.600973845,7.706350803,5.609202385
7.740003125,1.671085715,7.719873428,5.558541298
7.750004688,1.755045533,7.719815731,5.555620193
7.760004688,1.8273983,7.780628681,5.683757782
7.770003125,1.730433106,7.784315586,5.946058273
7.780003125,1.611326456,7.820170879,6.096250057
7.790003125,1.524033785,7.812279701,6.104802132
7.800003125,1.507322311,7.823283672,6.121255398
7.810003125,1.483274937,7.861504555,6.054782391
7.820004688,1.426953673,7.949017525,5.929920197
7.830004688,1.421992898,7.921972752,5.964081764
7.840003125,1.376551032,7.831289768,6.106372833
7.850003125,1.248949647,7.727276325,6.243646622
7.860003125,1.14114356,7.576220989,6.473183632
7.870003125,0.943727255,7.444214344,6.717229366
7.880003125,0.712092996,7.38615036,6.854513168
7.890004688,0.612092018,7.249613762,6.967164993
7.900004688,0.469416738,7.132585049,7.094364166
7.910003125,0.242446437,7.039182663,7.12676239
7.920003125,0.096754476,6.849312782,7.157733917
7.930003125,0.026048914,6.627925873,7.199124813
7.940003125,-0.044369344,6.408587933,7.136511803
7.950003125,-0.140032068,6.217894554,7.014560699
7.960004688,-0.328388691,6.064665794,7.038311005
7.970004688,-0.543809354,5.929671288,7.020699501
7.980003125,-0.754077733,5.761253357,7.007502556
7.990003125,-0.824773729,5.58545208,7.092439175
8.000003125,-0.836974561,5.301949978,7.136214733
8.010003125,-0.786332428,5.104792118,7.25114584
8.020003125,-0.703311086,4.981270313,7.499625683
8.030004688,-0.595773101,4.964357853,7.737264633
8.040004688,-0.471533209,5.03007412,7.876254082
8.050004688,-0.33165437,5.115336418,7.949975014
8.060003125,-0.211532503,5.165336609,7.969119072
8.070003125,-0.095480762,5.13347578,7.820381641
8.080003125,0.035778947,4.998757839,7.572649002
8.090003125,0.045930363,4.79531765,7.155492783
8.100004688,-0.050364424,4.607410908,6.720418453
8.110004688,-0.024507048,4.479570389,6.695289135
8.120004688,0.284603536,4.485460281,6.861331463
8.130003125,0.648311496,4.57567358,6.985638618
8.140003125,1.010199904,4.624390602,7.185496807
8.150003125,1.293031693,4.593141556,7.365473747
8.160003125,1.435276031,4.435028553,7.188619137
8.170001563,1.525499105,4.202934742,6.885244846
8.180004688,1.590985298,4.062931538,6.70109272
8.190004688,1.658779502,4.02209568,6.500381947
8.200003125,1.774946094,4.025208473,6.411930561
8.210003125,2.119079113,4.033540249,6.564450741
8.220003125,2.511967659,4.068706036,6.845750332
8.230003125,2.89535594,4.107223988,7.01883173
8.240003125,3.297495604,3.979488611,7.046661854
8.250004688,3.59150362,3.80799675,6.911437511
8.260004688,3.580557108,3.809308767,6.560773373
8.270003125,3.53047061,3.855900049,6.252505302
8.280003125,3.496980429,3.863111258,6.05086565
8.290003125,3.671115398,3.898861647,6.203050613
8.300003125,3.966062069,3.869039297,6.402889729
8.310003125,4.459880352,3.924345493,6.715821743
8.320004688,4.907643795,4.050069809,6.914253235
8.330004688,5.494309425,4.113171101,6.801496029
8.340003125,6.034748077,4.142648697,6.543105125
8.350003125,6.246874332,4.204897881,6.168488026
8.360003125,5.938205242,4.397209644,5.649837017
8.370003125,5.461432457,4.671393871,5.374436855
8.380003125,5.261899471,4.664910316,5.274780273
8.390004688,5.362226486,4.605457306,5.210778713
8.400004688,5.490134239,4.669842243,5.213124752
8.410003125,5.691860199,4.622178555,5.308079243
8.420003125,6.210137367,4.484703541,5.210041046
8.430003125,6.545938492,4.672600269,5.109465599
8.440003125,6.323460102,5.077344894,5.248856068
8.450003125,6.119952679,5.477894783,5.556616306
8.460004688,6.205425739,5.663972378,5.910623074
8.470004688,6.538286686,5.580386162,6.073696613
8.480003125,6.813437939,5.477770329,6.014607906
8.490003125,7.094823837,5.336972237,5.583584785
8.500003125,7.548716545,5.287163258,4.982917786
8.510003125,8.053404808,5.56299448,4.522799969
8.520003125,8.529200554,6.266928196,4.588410854
8.530004688,8.928170204,6.93762064,5.106812954
8.540004688,9.214316368,7.330786705,5.60584116
8.550004688,9.483882904,7.565907001,5.820505142
8.560003125,9.37199688,7.662690163,5.656071663
8.570003125,9.028907776,7.876233578,5.486169338
8.580003125,8.908604622,8.012090683,5.511078358
8.590003125,8.95657444,7.982641697,5.38720274
8.600004688,9.07084465,8.161767006,5.456653595
8.610004688,9.344473839,8.396378517,5.657488823
8.620004688,9.668983459,8.493985176,5.541590214
8.630003125,9.778839111,8.543459892,5.35139513
8.640003125,9.567785263,8.612546921,5.19844389
8.650003125,9.133093834,8.683148384,5.143013
8.660003125,8.816159248,8.76928997,5.26527071
8.670003125,8.700951576,8.665153503,5.328467846
8.680003125,8.593277931,8.497614861,5.383879662
8.690004688,8.577801704,8.198004723,5.553005695
8.700003125,8.418616295,7.801342964,5.718071461
8.710003125,8.061995506,7.438353539,6.034929752
8.720003125,7.897417545,7.10324192,6.568463326
8.730003125,7.968152046,6.852147579,7.176829815
8.740003125,8.0757761,6.924002171,8.014379501
8.750004688,8.187432289,7.16011858,8.807109833
8.760004688,8.194882393,7.183619976,9.176008224
8.770003125,7.967155933,7.084222317,9.212591171
8.780003125,7.703678608,7.103940964,8.932116508
8.790003125,7.419266701,7.140811443,8.406272888
8.800003125,7.020967484,7.082278252,7.818188667
8.810003125,6.524898529,6.947321892,7.772143364
8.820004688,6.061141491,6.735407352,8.23669529
8.830003125,5.590163708,6.432118416,8.931751251
8.840003125,5.239844322,6.095790386,10.00083828
8.850003125,4.915353298,5.804751396,10.92933846
8.860003125,4.388820648,5.636582851,11.65834427
8.870003125,3.836708069,5.534656525,12.19873524
8.880003125,3.360903502,5.451089382,12.24982834
8.890004688,2.914691448,5.458339214,11.89858913
8.900004688,2.768549442,5.505093098,11.73687458
8.910003125,2.604422092,5.606367588,11.71073055
8.920003125,2.287592649,5.613580227,11.7058754
8.930003125,2.056485176,5.434378147,11.6515274
8.940003125,1.825329781,5.365032196,11.63642406
8.950003125,1.527366519,5.45968008,11.62034321
8.960028125,1.281903386,5.65050745,11.5958662
8.970004688,1.03068459,5.776298523,11.63307095
8.980003125,0.881305635,5.889946461,11.49573994
8.990003125,0.758205354,5.996134281,11.14670372
9.000004688,0.530191183,6.082498074,10.73557091
9.010003125,0.289870769,6.107320786,10.43718624
9.020003125,0.106666468,6.089651585,10.30037403
9.030004688,0.019967642,6.001315117,10.19092846
9.040004688,0.003016694,5.854617596,10.08599567
9.050004688,-0.164510384,5.722774029,9.873516083
9.060003125,-0.439403027,5.562247276,9.725792885
9.070003125,-0.73078692,5.365951538,9.508753777
9.080003125,-1.122066498,5.167089462,9.178909302
9.090003125,-1.569810987,5.016695023,8.880630493
9.100003125,-1.953639746,4.798334122,8.772881508
9.110004688,-2.241413116,4.447104931,8.693528175
9.120004688,-2.413508415,4.080447197,8.681807518
9.130003125,-2.516918898,3.737990379,8.644820213
9.140003125,-2.58188796,3.402275324,8.611522675
9.150003125,-2.557917118,3.085196972,8.547175407
9.160003125,-2.443100691,2.787224054,8.443975449
9.170003125,-2.367558956,2.512503862,8.361748695
9.180004688,-2.39606905,2.373697758,8.152295113
9.190004688,-2.302704811,2.235006332,8.022605896
9.200003125,-2.069519043,2.070936441,7.963459492
9.210003125,-1.695113897,1.960611701,7.852896214
9.220003125,-1.171118975,1.943823576,7.635510921
9.230003125,-0.55648905,2.076596498,7.421383381
9.240003125,0.064787097,2.275114059,7.215032101
9.250004688,0.511861145,2.37361145,7.055635452
9.260003125,0.960860133,2.445973873,6.943098545
9.270003125,1.465299249,2.577980518,6.85084486
9.280003125,2.003333807,2.703867674,6.830551624
9.290003125,2.629005671,2.809193373,6.78999424
9.300003125,3.225248098,2.963102102,6.620666504
9.310003125,3.797242165,3.244229317,6.389348507
9.320004688,4.371400356,3.598475456,6.263001442
9.330004688,4.751111031,3.967996597,6.182747841
9.340003125,4.920266151,4.170478821,6.04314661
9.350003125,5.118429661,4.310443878,5.972517967
9.360003125,5.34677887,4.430125237,5.966130257
9.370003125,5.46563673,4.636821747,5.942618847
9.380003125,5.564612865,4.862623215,6.075736523
9.390004688,5.724967003,5.004226208,6.193397522
9.400004688,5.875792027,5.152225971,6.232968807
9.410003125,6.038664818,5.363126278,6.282538414
9.420003125,6.207475185,5.661233425,6.398226261
9.430003125,6.225767136,5.998882771,6.47473526
9.440003125,6.160060406,6.268163681,6.484838486
9.450003125,6.14112711,6.384176731,6.408913612
9.460004688,6.167616367,6.436974049,6.222041607
9.470004688,6.141624928,6.493515491,5.851601124
9.480003125,6.121753216,6.58302021,5.660811901
9.490003125,6.068094254,6.690261364,5.60652113
9.500003125,6.022010803,6.822929859,5.736765385
9.510003125,6.018179893,7.012616634,5.97670269
9.520003125,6.024337769,7.20549345,6.15626812
9.530004688,5.987285137,7.36119318,6.207934856
9.540004688,5.869318008,7.449165821,6.1235919
9.550004688,5.70705843,7.430586815,5.862633705
9.560003125,5.495650291,7.414612293,5.569909096
9.570003125,5.21078825,7.443295002,5.367062569
9.580003125,4.882687092,7.472810745,5.376342297
9.590003125,4.729831219,7.392681599,5.599050999
9.600003125,4.667926788,7.29086113,5.791765213
9.610004688,4.6399436,7.217799664,5.88700676
9.620004688,4.565388203,7.17945385,5.97286272
9.630003125,4.511422634,7.141788483,6.002167702
9.640003125,4.44247961,7.129367352,5.986662865
9.650003125,4.407390118,7.118853092,6.036184311
9.660003125,4.42622757,7.090705872,6.122050285
9.670003125,4.467111111,7.045886517,6.237469673
9.680003125,4.565531731,6.934057713,6.287020206
9.690004688,4.687473297,6.810344696,6.239021301
9.700003125,4.673912525,6.749005318,6.159198761
9.710003125,4.603542328,6.750480175,6.1460495
9.720003125,4.500227451,6.735752106,6.101948261
9.730003125,4.340716362,6.656119823,5.976838112
9.740003125,4.204993725,6.546254635,5.985733986
9.750004688,4.074969292,6.435719013,6.058354855
9.760003125,3.950317621,6.356269836,6.212111473
9.770003125,3.829668999,6.313328743,6.451664448
9.780003125,3.777178526,6.258597374,6.640461922
9.790003125,3.766069651,6.200656414,6.797597885
9.800003125,3.703226566,6.179558754,6.944343567
9.810003125,3.642097712,6.13128233,6.953029633
9.820004688,3.542230844,6.114091873,6.887237072
9.830004688,3.352658033,6.105913162,6.843997478
9.840003125,3.230812311,6.079959869,6.777036667
9.850003125,3.139133453,6.064024448,6.835360527
9.860003125,3.133310795,6.016877651,6.981520653
9.870003125,3.215776682,6.007205009,7.119418144
9.880003125,3.291347265,6.007760525,7.152007103
9.890004688,3.388810396,5.973753452,7.183533669
9.900004688,3.476783037,5.975266457,7.173430443
9.910003125,3.479742289,6.025257111,7.079204082
9.920003125,3.408624887,6.029049873,6.954753399
9.930003125,3.331196308,6.027048111,6.879192352
9.940003125,3.271456242,5.980257034,6.825140953
9.950003125,3.238272667,5.970794201,6.806188583
9.960004688,3.306823254,5.953498363,6.868284225
9.970004688,3.394470215,5.925715923,7.023849964
9.980004688,3.490401268,5.933664799,7.02872467
9.990003125,3.547038317,5.980772972,7.081751347
10.00000313,3.633727551,6.007137775,7.093444824
10.01000313,3.666470766,6.036739826,7.156325817
10.02000313,3.627234697,6.05546236,7.156221867
10.03000469,3.645803928,6.015402794,7.094795227
10.04000469,3.671766758,5.999390602,7.02657938
10.05000313,3.656280994,6.044650555,6.970143318
10.06000313,3.652478933,6.082718372,6.966532707
10.07000313,3.684791088,6.034326553,6.875236988
10.08000313,3.751646757,6.107139111,6.980601311
10.09000313,3.857250214,6.071561337,7.05819273
10.10000313,3.41835475,5.949552536,7.69298172
10.11000469,3.357139826,5.846343517,7.380969048
10.12000469,3.180409431,5.943701267,7.251308918
10.13000313,3.074202776,5.990905285,7.301270962
10.14000313,2.967162848,5.927583694,7.401281834
10.15000313,2.907125711,5.918973923,7.402267933
10.16000313,2.887320995,5.886125565,7.416939735
10.17000313,2.929660082,5.856466293,7.491150379
10.18000469,2.930809259,5.931969643,7.437280655
10.19000313,2.831229687,5.989612579,7.342470646
10.20000313,2.750315189,6.007875443,7.196347713
10.21000313,2.68906188,5.962605953,7.063258648
10.22000313,2.572636604,5.941814423,6.985619545
10.23000313,2.417147636,5.932400703,6.956505775
10.24000313,2.322385073,5.912893772,6.971895695
10.25000469,2.2170403,5.875284672,7.063402176
10.26000469,2.171627045,5.820581913,7.166611671
10.27000313,2.112499952,5.801658154,7.196807384
10.28000313,2.003985167,5.81154108,7.246328831
10.29000313,1.846207142,5.820830822,7.29823494
10.30000313,1.767619848,5.81112957,7.2877388
10.31000313,1.724323153,5.778702259,7.184682846
10.32000469,1.730682135,5.723607063,7.172271252
10.33000469,1.777349949,5.690423489,7.243111134
10.34000313,1.796800375,5.684533596,7.24796629
10.35000313,1.796905756,5.659566879,7.221534729
10.36000313,1.86165452,5.658216476,7.265041828
10.37000313,1.904367089,5.674573898,7.281274796
10.38000313,1.949579239,5.705382347,7.302841663
10.39000469,2.024326086,5.702748775,7.31405592
10.40000469,2.096927881,5.697395325,7.363175392
10.41000313,2.171109915,5.693325043,7.420483112
10.42000313,2.250999689,5.667075157,7.476412773
10.43000313,2.335179806,5.63574934,7.50389719
10.44000313,2.381014347,5.63292408,7.569469452
10.45000313,2.43736434,5.615207195,7.586477757
10.46000469,2.524340868,5.604931355,7.605708122
10.47000469,2.569026232,5.582262993,7.62263155
10.48000469,2.626094341,5.576105118,7.653390884
10.49000313,2.691484928,5.607191563,7.622812271
10.50000313,2.73751092,5.642711639,7.613695145
10.51000313,2.803571701,5.681220055,7.610678673
10.52000313,2.871097803,5.715332508,7.598286152
10.53000469,2.911282063,5.735970974,7.548994064
10.54000469,2.956685781,5.750967979,7.504003525
10.55000469,2.984765053,5.75906992,7.45569706
10.56000313,3.006236076,5.742980957,7.360360146
10.57000313,3.029555559,5.730243683,7.283410072
10.58000313,3.039103746,5.726403713,7.238609791
10.59000313,3.044715643,5.752940655,7.214380741
10.60000313,3.049935102,5.773310661,7.24236393
10.61000469,3.077449322,5.79813385,7.337519169
10.62000469,3.082793236,5.768474579,7.395736694
10.63000313,3.094381094,5.753994465,7.455639362
10.64000313,3.129096985,5.705506802,7.431457996
10.65000313,3.136605263,5.689486027,7.358109474
10.66000313,3.14180541,5.690988541,7.316900253
10.67000313,3.123312712,5.704061031,7.304105759
10.68000313,3.07636714,5.704319477,7.347000122
10.69000469,3.064041853,5.72111702,7.41002512
10.70000313,3.077717543,5.70251894,7.466355801
10.71000313,3.149466753,5.734036446,7.503409863
10.72000313,3.208517551,5.825619221,7.588824272
10.73000313,3.285371304,6.019128323,7.667258263
10.74000313,3.425537348,6.278726578,7.789286137
10.75000469,3.622436523,6.70884037,7.932229519
10.76000313,4.002243042,7.136875629,8.077730179
10.77000313,4.471841812,7.684784889,8.155034065
10.78000313,4.99495554,8.156853676,8.241370201
10.79000313,5.300178051,8.501675606,8.44688797
10.80000313,5.535633564,8.766206741,8.763295174
10.81000313,5.826615334,9.038139343,9.085718155
10.82000469,6.067481518,9.425502777,9.474392891
10.83000313,6.311766624,9.892745972,9.975996017
10.84000313,6.714883327,10.34632206,10.56239414
10.85000313,7.295994282,10.76561451,11.11504269
10.86000313,7.79735899,11.15155983,11.49013901
10.87000313,8.202383041,11.4778986,11.77595806
10.88000313,8.613341331,11.67354298,11.72240448
10.89000469,9.007091522,11.76941586,11.29386234
10.90000313,9.286447525,11.76988506,10.82608128
10.91000313,9.526231766,11.7289257,10.37783051
10.92000313,9.710278511,11.55893707,9.778637886
10.93000313,9.705327034,11.32274532,9.192863464
10.94000313,9.526471138,10.96599865,8.821533203
10.95000313,9.070462227,10.60236835,8.909312248
10.96000469,8.571174622,10.2329998,9.387845993
10.97000469,8.148779869,9.850435257,9.838283539
10.98000469,7.751792908,9.401311874,10.16740799
10.99000313,7.365330219,8.861380577,10.47812748
11.00000313,7.08317852,8.300362587,10.35622597
11.01000313,6.88380003,7.767316818,9.750376701
11.02000313,6.747798443,7.374935627,9.116124153
11.03000469,6.505696774,6.881663322,8.230106354
11.04000469,6.381456852,6.419582367,7.462429523
11.05000469,6.274943829,6.07264328,6.924806595
11.06000313,6.097858906,5.65504694,6.386610508
11.07000313,5.880838871,4.980063915,5.956323624
11.08000313,5.410215855,4.237679482,5.536055088
11.09000313,4.601416111,3.61415267,4.974365711
11.10000313,3.695258617,3.024441719,4.454440594
11.11000469,3.039113283,2.380918503,4.278792381
11.12000469,2.341452599,1.924976349,4.058411121
11.13000313,1.553635716,1.609650493,3.782110691
11.14000313,0.918655157,1.214693427,3.160058737
11.15000313,0.386232615,0.735757291,2.387650967
11.16000313,-0.135214925,0.345071495,1.885357141
11.17000313,-0.697172344,0.126758605,1.574743032
11.18000469,-1.223791361,0.082599953,1.365643024
11.19000313,-1.692652702,0.094130427,1.244965672
11.20000313,-2.033960342,0.13942872,1.183741212
11.21000313,-2.281080246,0.177515686,1.063226581
11.22000313,-2.453597069,0.752756119,1.505598426
11.23000313,-2.987216711,1.112939835,1.710044146
11.24000313,-2.898439646,0.590180278,1.090453506
11.25000625,-2.772313118,1.430870652,1.547497034
11.26004688,-2.69447279,1.307741642,1.347016096
11.27000313,-3.001102924,0.886888862,0.821201563
11.28000313,-3.201612473,0.495963663,-0.114682257
11.29000313,-3.259829998,0.1971194,-1.152693152
11.30000469,-3.173188686,-0.024909273,-1.762860179
11.31000313,-3.038174868,0.162709936,-1.691493869
11.32000469,-4.016196728,0.729254663,-1.664889455
11.33000469,-4.59388876,0.966462553,-1.111934304
11.34000313,-4.182478428,0.839320898,-0.508796573
11.35000313,-3.548043966,0.679819167,-0.236240655
11.36000313,-3.253863573,0.62820977,0.142225146
11.37000313,-3.127018929,0.747038782,0.34581849
11.38000313,-2.687903166,0.727808535,0.699336708
11.39000469,-2.169070005,0.725088716,1.166952968
11.40001094,-1.94753933,0.94045198,1.415988326
11.41000313,-1.943689466,1.157644391,1.691666245
11.42000313,-1.844349265,1.241968155,2.086891413
11.43000313,-1.526514173,1.15348804,2.387976646
11.44000313,-0.981306612,1.073847294,2.527606487
11.45000313,-0.219318449,1.184392333,2.814661741
11.46000469,0.477940112,1.604373693,3.33880043
11.47000469,1.0189147,2.375172377,4.095186234
11.48000469,1.669907689,3.334644079,5.077747345
11.49000313,2.457178593,4.310932159,6.073639393
11.50000313,3.238253355,5.13730526,6.824728966
11.51000313,4.051516056,5.515790462,7.076886654
11.52000313,4.96297884,5.813542843,7.007061958
11.53000469,5.367407322,6.507459164,6.97035408
11.54000469,5.815324306,7.360283375,7.418050766
11.55000469,6.894170761,8.363377571,8.609855652
11.56000313,8.155024529,9.528040886,9.786873817
11.57000313,9.535778999,10.60781765,10.1358242
11.58000313,10.56697178,11.53545475,9.661561966
11.59000313,10.51526642,12.38263988,8.567803383
11.60000313,9.799017906,12.3505373,7.527896404
11.61000469,8.496313095,12.14053822,6.522716045
11.62000469,7.520713806,11.9624176,6.417934895
11.63000313,7.26030159,11.82494354,8.141989708
11.64000313,7.428259373,11.58851051,10.67819691
11.65000313,7.710056782,11.15388775,12.21945953
11.66000313,7.692943096,10.96086597,12.88994122
11.67000313,7.335661411,10.89576244,13.17792606
11.68000313,6.778923035,10.48663139,12.91377831
11.69000313,6.237383366,9.759638786,12.22352886
11.70000313,5.505227089,9.170126915,11.68648148
11.71000313,4.813839436,8.766675949,11.62315083
11.72000313,4.444365978,8.351301193,11.99512196
11.73000313,4.387442589,7.930285454,12.54287815
11.74000313,4.590268612,7.645499706,12.74456501
11.75000469,4.772304535,7.503283978,12.77159119
11.76000469,4.923129559,7.461510181,12.7308712
11.77000313,4.959177017,7.349068642,12.38862419
11.78000313,4.911034107,7.127624512,11.66825676
11.79000313,4.686716557,6.890224934,10.71745205
11.80000313,4.378937244,6.758534431,9.963672638
11.81000313,4.06181097,6.583881855,9.313923836
11.82000469,3.904262781,6.397373676,8.804513931
11.83000313,3.810802698,6.189231396,8.337070465
11.84000313,3.768348932,5.947005272,8.113441467
11.85000313,3.62170887,5.763916016,8.132156372
11.86000313,3.37074852,5.597662449,8.231140137
11.87000313,3.143012047,5.484427452,8.376087189
11.88000313,2.99067378,5.329157352,8.515600204
11.89000313,2.794090748,5.158939362,8.542876244
11.90000469,2.590727329,4.999609947,8.375290871
11.91000313,2.397208691,4.881537437,8.206020355
11.92000313,2.244985342,4.777916431,7.979797363
11.93000313,2.083501339,4.702614307,7.762489796
11.94000313,1.933758378,4.64597702,7.609826088
11.95000313,1.84341073,4.630213737,7.568770409
11.96000469,1.763511419,4.647403717,7.684716702
11.97000469,1.667245388,4.670723438,7.907961845
11.98000469,1.534711957,4.669536114,8.22859478
11.99000313,1.430564165,4.667811871,8.60961628
12.00000313,1.30668819,4.692951202,8.890714645
12.01000313,1.168743849,4.66563797,9.123171806
12.02000313,0.977293968,4.648342609,9.295948982
12.03000313,0.770051837,4.657191277,9.413827896
12.04000469,0.569590151,4.658436298,9.585138321
12.05000469,0.391806304,4.630826473,9.743873596
12.06000313,0.278819144,4.643170834,9.891720772
12.07000313,0.261063755,4.634388924,10.0184021
12.08000313,0.297982335,4.684360981,10.14912605
12.09000313,0.344343662,4.792071342,10.21050358
12.10000313,0.413718045,4.861588955,10.1833353
12.11000469,0.424309999,4.968677044,10.13073921
12.12000469,0.40584591,5.030179024,10.08799839
12.13000313,0.371924847,5.071369171,10.1543932
12.14000313,0.36841017,5.115652084,10.19226933
12.15000313,0.430688143,5.149535179,10.24003887
12.16000313,0.536684215,5.259649277,10.44096947
12.17000313,0.55058974,5.385967255,10.58245754
12.18000469,0.577040911,5.475749969,10.60586262
12.19000469,0.660598516,5.493782997,10.63739109
12.20000313,0.870321035,5.448982716,10.74434376
12.21000313,1.08127892,5.353233814,10.85396004
12.22000313,1.229786396,5.334606647,10.92711735
12.23000313,1.429232955,5.332413673,11.10531425
12.24000313,1.693370938,5.491590023,11.27178669
12.25000469,2.020504951,5.650804043,11.21393394
12.26000469,2.433188677,5.728012562,11.1611557
12.27000313,2.887531519,5.717832088,10.97570992
12.28000313,3.266571999,5.661597252,10.66029739
12.29000313,3.595008612,5.609968662,10.40663624
12.30000313,3.879784584,5.555725574,10.07215691
12.31000313,4.251843452,5.523375034,9.601016998
12.32000469,4.549480915,5.629179955,9.093838692
12.33000469,4.962174416,5.77845335,8.421174049
12.34000313,5.244661331,5.732187748,7.597156048
12.35000313,5.284002781,5.597375393,6.620503902
12.36000313,5.181703568,5.468978882,5.7506423
12.37000313,5.021579266,5.266946793,5.385009289
12.38000313,4.756675243,5.060834408,5.55141592
12.39000469,4.417531967,4.848009109,5.854234695
12.40000469,4.102972031,4.56196928,6.138282776
12.41000313,3.898631811,4.28991127,6.34295845
12.42000469,3.773232937,4.111562252,6.469803333
12.43000313,3.791524649,4.025045395,6.442307949
12.44000313,4.031969547,4.025706291,6.449136257
12.45000313,4.474121094,4.055250645,6.320060253
12.46000469,5.126857281,4.100635052,6.113670349
12.47000781,5.716386318,4.252446651,5.803448677
12.48000469,6.126627922,4.422436237,5.4603405
12.49000313,6.452488422,4.551281452,5.152666569
12.50000313,6.77985239,4.626104832,4.858830929
12.51000313,7.167665005,4.699204922,4.650286674
12.52001094,7.661282539,4.881317616,4.635011673
12.53000313,8.277808189,5.21250248,4.823387146
12.54000313,9.056574821,5.717976093,5.351940632
12.55000469,10.16639328,6.363778114,6.238313675
12.56000313,11.26362705,6.976329803,6.854819298
12.57000781,12.14752865,7.186406612,6.710420132
12.58000313,12.72928143,6.751830578,6.047082901
12.59000313,12.45617008,7.041683197,5.85571909
12.60000313,11.26934433,8.10491848,5.317828178
12.61000469,10.47684383,7.898643494,4.609652042
12.62000469,10.25382042,7.118516922,4.039142609
12.63000313,10.28269386,6.985380173,3.861588717
12.64000313,10.19220352,7.419200897,4.298597336
12.65000313,10.02723217,7.677908897,4.914070129
12.66000313,9.778349876,7.435193062,5.562946796
12.67000313,9.068489075,7.013507366,6.069320202
12.68000313,8.010682106,6.593104362,6.337480545
12.69000469,7.078629494,6.173305035,6.545248985
12.70000313,6.435623646,5.773262978,6.844246864
12.71000313,6.041662216,5.564574718,7.408580303
12.72000313,5.90598774,5.438524723,7.692368507
12.73000313,5.683365345,5.175890446,7.842015743
12.74000313,5.241950989,4.778414726,8.085267067
12.75000469,4.741936684,4.346012115,8.334733009
12.76000469,4.471660137,3.950959444,8.685627937
12.77000313,4.308796883,3.656166077,9.091597557
12.78000313,4.144362926,3.482816458,9.323423386
12.79000313,4.094017506,3.224079847,9.488997459
12.80000313,4.073896885,2.8538692,9.513419151
12.81000313,3.914826155,2.558951378,9.631278992
12.82000469,3.63454175,2.41966629,9.839067459
12.83000313,3.419044495,2.308757305,10.27444839
12.84000313,3.202388287,2.26130414,10.72906971
12.85000313,2.833767414,2.242141008,11.24395561
12.86000313,2.410606623,2.263995409,11.70713902
12.87000313,1.906857133,2.376867533,11.96128845
12.88000313,1.29972589,2.514591694,11.91433334
12.89000469,0.668547273,2.649241447,11.73941231
12.90000313,-0.038067807,2.855899334,11.41212463
12.91000469,-0.859997213,3.061705112,11.05810928
12.92000313,-1.689319968,3.129805565,10.5849762
12.93000313,-2.245483398,3.097685099,10.33300018
12.94000313,-2.604766846,3.093078613,10.20247841
12.95000313,-2.955852509,3.175276279,10.10226631
12.96000469,-3.392554998,3.37985611,10.03436661
12.97000469,-3.793373108,3.558195353,10.09566021
12.98000469,-4.1978302,3.700928211,10.19340038
12.99000313,-4.594405651,3.830176592,10.1747818
13.00000313,-4.845663071,3.88354826,9.976168633
13.01000313,-5.005107403,3.913418293,9.974445343
13.02000313,-5.032688618,3.965037346,10.05843353
13.03000313,-5.025850773,4.057329178,10.1010313
13.04000469,-4.948479652,4.143711567,10.10581017
13.05000469,-4.819489479,4.240686417,10.04617691
13.06000313,-4.760649681,4.412120819,9.87156105
13.07000313,-4.834611416,4.572379112,9.50457859
13.08000313,-4.87196064,4.602191925,9.044576645
13.09000313,-4.980331898,4.719430923,8.557403564
13.10000313,-5.004120827,4.805382729,8.256318092
13.11000469,-4.960536957,4.821749687,8.046078682
13.12000469,-4.897119045,4.819499016,7.910403728
13.13000313,-4.804865837,4.859874725,7.969061852
13.14000313,-4.685883522,4.901323318,8.173192978
13.15000313,-4.518480778,4.977641106,8.481594086
13.16000313,-4.24842453,4.949647903,8.502797127
13.17000313,-4.050979614,4.921961308,8.373768806
13.18000469,-3.939821482,4.920927048,8.126140594
13.19000469,-3.842942476,4.894044876,7.846459389
13.20000313,-3.77183485,4.763867378,7.526594162
13.21000313,-3.714297295,4.645957947,7.345056057
13.22000313,-3.539415359,4.53696394,7.327032566
13.23000313,-3.41136384,4.523594856,7.525234222
13.24000313,-3.249391317,4.482223034,7.739477158
13.25000469,-2.939313412,4.33911705,7.798153877
13.26000469,-2.671996117,4.139603138,7.849275112
13.27000313,-2.495533705,3.882571459,7.899878979
13.28000313,-2.482308149,3.631275892,7.753554821
13.29000313,-2.448339224,3.469772816,7.729861736
13.30000313,-2.353969336,3.341117859,7.774786472
13.31000313,-2.201133251,3.211266041,7.794888496
13.32000469,-1.832694292,3.005067825,7.885159492
13.33000469,-1.371513605,2.740709543,7.937898636
13.34000313,-0.733746171,2.509889364,7.861437798
13.35000313,0.015878346,2.328571796,7.846105099
13.36000313,0.733391821,2.276042938,8.047169685
13.37000313,1.475096345,2.308728695,8.30355072
13.38000313,2.094026089,2.355070829,8.525589943
13.39000469,2.612236738,2.29468894,9.001825333
13.40000469,2.887320995,2.052185059,9.355046272
13.41000469,3.052290916,1.652525783,9.515018463
13.42000313,3.377279997,1.250797987,9.775620461
13.43000313,3.661519527,1.148699641,10.05457401
13.44000313,4.43400383,1.585440278,10.8487978
13.45000313,5.726547241,2.269406319,11.58937263
13.46000469,7.32854557,2.776526928,11.80541706
13.47000469,8.705777168,3.195512056,11.74324322
13.48000469,9.200572014,3.556873798,10.82082558
13.49000313,8.877891541,3.89776969,9.43032074
13.50000313,8.398552895,4.320508957,8.455651283
13.51000313,8.34924221,4.750105381,7.822565079
13.52000313,8.630551338,5.158460617,7.792417526
13.53000313,9.226458549,5.55907774,8.136847496
13.54000469,9.773331642,5.906437874,8.345755577
13.55000469,10.17122936,6.194431782,8.404892921
13.56000313,10.28378582,6.544205189,8.51515007
13.57000313,9.9579916,6.952886105,8.454692841
13.58000313,9.618091583,7.335958004,8.323901176
13.59000313,9.639064789,7.507182121,8.277933121
13.60000313,9.749964714,7.554932117,8.083648682
13.61000469,9.707798958,7.509624004,7.787207603
13.62000469,9.471605301,7.439655781,7.535807133
13.63000313,8.982976913,7.267426491,7.232059479
13.64000313,8.444598198,7.092123032,6.988100052
13.65000313,8.01499176,6.921741962,7.130804062
13.66000313,7.623990059,6.779689312,7.425884247
13.67000313,7.137708664,6.603648663,7.553572178
13.68000313,6.650967598,6.350341797,7.727324009
13.69000469,6.207590103,6.069636345,7.865134239
13.70000313,5.83397007,5.806303024,7.780082703
13.71000313,5.504116058,5.597346306,7.756255627
13.72000313,5.180334091,5.485556602,7.814933777
13.73000313,4.888854504,5.299307823,7.805001259
13.74000313,4.686190128,5.082890034,7.723225117
13.75000469,4.492757797,4.913945675,7.717785358
13.76000469,4.276408195,4.798975945,7.705776215
13.77000313,4.118697166,4.739207268,7.683711052
13.78000313,3.971348286,4.705506325,7.816092491
13.79000313,3.809375763,4.62944746,7.937870026
13.80000313,3.69291234,4.471104622,7.837476254
13.81000313,3.548542023,4.309629917,7.70845747
13.82000469,3.370221853,4.176828384,7.672841549
13.83000469,3.197456121,4.136902809,7.669623852
13.84000313,3.008936882,4.109828949,7.704665184
13.85000313,2.870111465,4.076291084,7.808439732
13.86000313,2.713760376,4.03399992,7.984853745
13.87000313,2.552764893,3.980609179,8.244337082
13.88000313,2.384519339,3.953631401,8.528242111
13.89000469,2.197197199,3.911368847,8.692436218
13.90000469,2.048086166,3.836037636,8.832038879
13.91000469,1.844875932,3.803026438,8.898262024
13.92000313,1.654632688,3.725473404,8.902935982
13.93000313,1.562484741,3.645181417,8.872681618
13.94000313,1.523689032,3.58212781,8.824748993
13.95000313,1.523736954,3.549806118,8.720515251
13.96002969,1.563375354,3.528641462,8.678606987
13.97000469,1.526035428,3.501222849,8.756093979
13.98000469,1.474387646,3.529397964,8.834843636
13.99000313,1.53181982,3.533832073,8.819244385
14.00000313,1.672254086,3.551233053,8.883187294
14.01000313,1.818846226,3.599050045,8.950953484
14.02000313,1.914259911,3.730319262,9.031495094
14.03000313,1.97013104,3.906015396,9.034395218
14.04000469,2.079344988,3.968877554,8.947418213
14.05000469,2.213621378,3.926959991,8.823159218
14.06000313,2.353806734,3.861464024,8.787571907
14.07000313,2.472176075,3.854501724,8.825602531
14.08000313,2.471524715,3.91255641,8.891202927
14.09000313,2.502505779,3.979488611,8.907417297
14.10000156,2.544902325,4.02307272,8.91994381
14.11000469,2.512609243,4.065900326,8.947447777
14.12000313,2.502199173,4.086116791,8.881310463
14.13000313,2.462340593,4.105471611,8.798987389
14.14000313,2.47412014,4.156592369,8.746257782
14.15000313,2.473143101,4.267635822,8.67155838
14.16000313,2.465022087,4.405924797,8.550940514
14.17000313,2.449210882,4.554834366,8.522123337
14.18000469,2.467224836,4.684791565,8.53831768
14.19000469,2.489347219,4.819508553,8.586325645
14.20000313,2.533515453,4.925916672,8.611426353
14.21000313,2.529167652,5.02662611,8.623397827
14.22000313,2.565597773,5.067059517,8.573003769
14.23000313,2.609966993,5.096345425,8.442691803
14.24000313,2.593983412,5.168535233,8.263807297
14.25000469,2.532385349,5.254669189,8.119859695
14.26000469,2.411545277,5.321409702,7.903556347
14.27000313,2.270162821,5.392402649,7.700652599
14.28000313,2.161293745,5.486533165,7.591659069
14.29000313,2.096918344,5.570818901,7.515245438
14.30000313,2.00718379,5.639149189,7.444530487
14.31000313,1.857670546,5.706100464,7.378862381
14.32000469,1.787510872,5.801025867,7.458972454
14.33000469,1.759766936,6.004868507,7.807682991
14.34000313,1.729102015,6.233504772,8.068497658
14.35000313,1.728891253,6.458052158,8.405926704
14.36000313,1.820694566,6.671662807,8.811677933
14.37000313,1.97991848,6.841986656,9.15520668
14.38000313,2.071923018,7.007090569,9.492627144
14.39000469,2.144649267,7.133590698,9.748259544
14.40000313,2.299621105,7.233131886,10.02482891
14.41000469,2.699854851,7.474975109,10.50922298
14.42000313,3.281923771,7.831644058,11.21468925
14.43000313,4.052128792,8.26376915,12.115839
14.44000313,5.138875961,8.643795967,12.88403225
14.45000313,6.115623951,8.794122696,13.49424648
14.46000469,6.627925873,8.738366127,13.96360779
14.47000469,6.702662945,8.650144577,14.11372375
14.48000469,6.609346867,8.589207649,13.95225811
14.49000313,6.55841732,8.582715034,13.78567028
14.50000313,6.713475227,8.605268478,13.65879726
14.51000313,6.987036705,8.621817589,13.6049366
14.52000313,7.346923828,8.473721504,13.58986187
14.53000313,7.624957561,8.126686096,13.35712719
14.54000469,7.7403965,7.73553133,12.85717869
14.55000469,7.666559219,7.35736227,12.31312943
14.56000313,7.425693989,6.993808746,11.70467663
14.57000313,7.060050488,6.615188599,11.08120823
14.58000313,6.591275215,6.292047977,10.72262383
14.59000313,6.220154762,5.945578098,10.4620676
14.60000313,6.120172977,5.641236782,10.28540421
14.61000469,6.30250597,5.331599712,10.0474205
14.62000469,6.654702663,5.005346775,9.811677933
14.63000313,6.893586159,4.623107433,9.443383217
14.64000313,6.780216217,4.241309166,8.908431053
14.65000313,6.353281975,3.976701736,8.263950348
14.66000313,5.829900265,3.773663998,7.729938507
14.67000313,5.243004799,3.501146317,7.164083481
14.68000313,4.818493366,3.129738569,6.732676983
14.69000313,4.496693611,2.75268054,6.320213318
14.70000313,4.194382668,2.483620167,6.052742958
14.71000313,3.968054056,2.249879122,5.727619648
14.72000313,3.667409182,2.058544159,5.104198456
14.73000313,3.221101284,1.896360874,4.430412769
14.74000313,2.691484928,1.678699255,3.804865122
14.75000469,2.049302578,1.565798283,3.12019062
14.76000469,1.299744964,1.514648557,2.41863203
14.77000313,0.608366609,1.433035016,1.949856997
14.78000313,0.05838979,1.339766502,1.662523985
14.79000313,-0.386175156,1.318247437,1.428074241
14.80000313,-0.838075876,1.320478797,1.385706425
14.81000938,-1.36551857,1.325324655,1.392228246
14.82000469,-1.928079247,1.335993171,1.388474107
14.83000469,-2.611815453,1.376321197,1.383551598
14.84000313,-3.282670736,1.371666789,1.402417898
14.85000313,-3.890472174,1.306918025,1.481598973
14.86000313,-4.361085892,1.247436523,1.70005548
14.87000313,-4.665446758,1.265076995,1.859135866
14.88000313,-4.832456589,1.275410295,1.831142902
14.89000469,-5.069348335,1.216187358,1.696502566
14.90000469,-5.422636986,1.111991763,1.711700916
14.91000313,-5.831250191,1.187591076,2.048823595
14.92000313,-6.21398735,1.203967333,2.435966015
14.93000313,-6.638728619,0.974631608,2.960353613
14.94000313,-6.925984859,0.733928144,3.404305696
14.95000313,-7.041203022,0.590141952,3.923780441
14.96000313,-7.023648739,0.527576685,4.434272289
14.97000469,-7.082565308,0.473094225,4.635576725
14.98000469,-7.173200607,0.340014935,4.827476501
14.99000313,-7.391264439,0.160114631,5.243636608
15.00000313,-7.575148582,0.127725869,5.543898106
15.01000313,-7.496407986,0.079602413,5.8146348
15.02000313,-7.04764843,-0.222038254,6.39214468
15.03000313,-6.530194283,-0.528438628,7.309736729
15.04000469,-5.991508484,-0.592057347,8.223412514
15.05000469,-5.579610348,-0.335360616,9.13579464
15.06000313,-5.229769707,-0.044455536,9.756160736
15.07000313,-4.786171913,0.173541307,9.964179039
15.08000313,-4.269713879,0.359542042,9.989030838
15.09000313,-3.570463181,0.533792019,9.862425804
15.10000313,-2.678843498,0.885528982,9.616521835
15.11000469,-1.665464044,1.4878335,9.562969208
15.12000469,-0.690937877,2.277891397,9.374400139
15.13000313,0.22256498,3.225047112,9.545041084
15.14000313,0.700466752,4.27479887,9.919379234
15.15000313,1.014844656,5.010211468,10.06536674
15.16000313,1.448271751,5.3594203,10.40176296
15.17000313,1.69380188,5.595776081,10.62354183
15.18000469,1.725683093,5.80969286,10.5068779
15.19000469,1.635421634,6.180401802,10.5424366
15.20000313,1.538513899,6.639667034,10.6739254
15.21000313,1.703934073,6.960020542,10.57897091
15.22000313,2.363220692,7.15661335,10.47513103
15.23000313,3.37868762,7.478997231,10.64465904
15.24000313,4.400398731,8.1352005,11.05787849
15.25000469,5.208096981,8.874501228,11.33011818
15.26000469,5.769537449,9.406368256,11.24928093
15.27000313,5.999783039,9.687169075,10.68393326
15.28000313,5.871846676,9.652329445,9.847074509
15.29000313,5.41189146,9.384494781,8.777900696
15.30000313,4.908716679,9.054774284,7.806763649
15.31000313,4.579370022,8.791460037,7.40545702
15.32000469,4.5415802,8.750021935,7.593805313
15.33000469,4.854186058,8.834144592,8.211402893
15.34000313,5.267052174,8.88838768,8.936942101
15.35000313,5.663455009,8.748327255,9.3337183
15.36000313,5.770198345,8.534601212,9.375214577
15.37000313,5.718713284,8.276353836,9.127099037
15.38000313,5.58759737,8.045091629,8.674633026
15.39000469,5.516604424,7.953548431,8.31124115
15.40000469,5.811598778,7.952648163,7.970488548
15.41000469,6.461978912,8.038263321,7.698805332
15.42000313,7.288265705,8.121046066,7.568637371
15.43000313,7.841719151,8.304385185,7.483527184
15.44000313,8.17343235,8.50036335,7.452306747
15.45000313,8.433287621,8.490930557,7.435039997
15.46000313,8.538096428,8.272244453,7.378546238
15.47000469,8.474094391,7.868936062,7.300696373
15.48000469,8.310724258,7.400832653,7.189069271
15.49000313,8.124868393,6.961821079,7.056958199
15.50000313,7.968487263,6.477119923,6.789572716
15.51000313,7.71372509,5.958976269,6.550095081
15.52000313,7.304842949,5.482989788,6.450831413
15.53000313,6.983244419,5.078130245,6.578203201
15.54000469,6.79461956,4.815505505,6.862951279
15.55000469,6.753697872,4.597029686,7.311518192
15.56000313,6.724929333,4.393331051,7.672305107
15.57000313,6.514670372,4.165948868,7.93475771
15.58000313,6.143128872,3.935665131,8.079559326
15.59000313,5.750967979,3.696752548,7.87331295
15.60000313,5.389740467,3.432327509,7.619067669
15.61000469,5.02770853,3.285754442,7.593286991
15.62000469,4.87367487,3.283168554,7.641257286
15.63000313,4.787387848,3.319493532,7.852157593
15.64000313,4.606826782,3.363412619,8.114667892
15.65000313,4.395495415,3.27021122,8.278528214
15.66000313,4.112098694,3.135034561,8.356893539
15.67000156,3.810343027,2.926193237,8.276161194
15.68000313,3.425997257,2.778518915,8.083848953
15.69000313,3.044150829,2.747279406,8.064763069
15.70000313,2.848764658,2.742558002,8.005177498
15.71000313,2.562983274,2.776325703,8.136445045
15.72000313,2.343339205,2.769947529,8.317399025
15.73000313,2.216159105,2.807450294,8.555211067
15.74000313,2.107184649,2.819363832,8.72922039
15.75000469,1.912555218,2.832053185,8.816935539
15.76000313,1.684301615,2.886803865,8.919933319
15.77000313,1.46592176,2.970763683,9.067329407
15.78000313,1.311840534,3.065248489,9.243629456
15.79000313,1.162078381,3.149610519,9.408349991
15.80000313,1.068062901,3.163927794,9.550556183
15.81000313,0.997826636,3.19900775,9.751947403
15.82000469,0.973626018,3.258431673,10.06329823
15.83000938,0.846991897,3.312397003,10.34469414
15.84000469,0.790584505,3.309447527,10.41468143
15.85000313,0.737222552,3.276283026,10.41878033
15.86000313,0.58449167,3.285974741,10.41826248
15.87000313,0.443195432,3.358653069,10.5427227
15.88000781,0.271483302,3.447592735,10.69047451
15.89000469,0.029429527,3.484913588,10.82265472
15.90000469,-0.264425188,3.457954884,10.96207237
15.91000469,-0.600159287,3.474944115,11.02247334
15.92000313,-0.904251635,3.506432772,11.15659714
15.93000313,-1.056120634,3.504948378,11.19618797
15.94000313,-1.157472014,3.530106544,11.05402088
15.95000313,-1.11268127,3.553014278,10.91105652
15.96000313,-1.082935691,3.600065231,10.74180698
15.97000469,-1.124537349,3.699098825,10.51331234
15.98000938,-1.312108636,3.888451576,10.33699417
15.99000313,-1.543733358,4.024374962,10.19887829
16.00000313,-1.690133929,4.142323017,10.07913017
16.01000313,-1.839292765,4.274329662,10.10694027
16.02000313,-1.839072466,4.394614697,10.10822296
16.03000781,-1.681447744,4.409525394,10.05950642
16.04000469,-1.579952836,4.461451054,10.03770065
16.05000469,-1.627587795,4.571852684,9.909907341
16.06000313,-1.769880056,4.73664999,9.783905029
16.07000313,-1.937407136,4.927314758,9.633090019
16.08000625,-2.02260232,5.106889248,9.492588043
16.09000313,-1.899358392,5.230918884,9.414182663
16.10000313,-1.708214998,5.269637585,9.418636322
16.11000469,-1.49153018,5.287691116,9.398438454
16.12000469,-1.217470646,5.344011307,9.304987907
16.13000781,-0.930817723,5.397545338,9.368472099
16.14000313,-0.874218762,5.393111706,9.565784454
16.15000313,-0.88678354,5.373478889,9.615477562
16.16000313,-0.757276416,5.344997406,9.760289192
16.17000313,-0.604009151,5.363001823,9.915940285
16.18000781,-0.396949053,5.367292404,9.941721916
16.19000313,-0.059376199,5.292037964,9.936426163
16.20000313,0.327996045,5.190734386,9.94210434
16.21000313,0.685632288,5.063324451,9.855980873
16.22000313,0.962928712,4.985723495,9.733158112
16.23000469,1.376589298,4.962777615,9.593203545
16.24000313,1.744597197,4.934593201,9.466021538
16.25004844,2.073349953,4.928243637,9.344348907
16.26000469,2.330889225,4.8994174,9.160694122
16.27000469,2.529483557,4.836459637,8.907981873
16.28000469,2.751512289,4.755545139,8.817414284
16.29000313,2.970993519,4.749732018,8.872326851
16.30000313,3.147072554,4.742070675,8.8335886
16.31000313,3.348741055,4.767956734,8.795082092
16.32000469,3.712812901,4.759031296,8.791748047
16.33000469,4.135686398,4.768742085,8.741995811
16.34000313,4.426189423,4.640077591,8.725697517
16.35000313,4.589722633,4.416631699,8.643317223
16.36000313,4.767295837,4.623365879,8.063135147
16.37000313,4.582818031,4.680242538,7.811197758
16.38000469,4.434473038,4.557104111,7.691918373
16.39000469,4.366085052,4.480958939,7.628568172
16.40000469,4.378956318,4.493284225,7.54638958
16.41000469,4.465157032,4.55876112,7.650364876
16.42000313,4.572657108,4.633000374,7.82133007
16.43000313,4.664747715,4.659010887,7.845195293
16.44000313,4.729745388,4.637626171,7.733069897
16.45000313,4.717209339,4.601099968,7.639169693
16.46000313,4.60408783,4.577196121,7.493439198
16.47000469,4.716500759,4.501424789,7.335144043
16.48000469,4.450054646,4.406211853,7.322340012
16.49000313,4.072517872,4.362139702,7.362457275
16.50000313,3.762755871,4.398282528,7.308491707
16.51000313,3.49374342,4.551626205,7.364813328
16.52000313,3.190015078,4.633919716,7.565131187
16.53000313,2.898315191,4.670550823,7.657604694
16.54000469,2.730606079,4.672772884,7.424917221
16.55000469,2.782043219,4.655802727,7.386188507
16.56000313,2.858293533,4.64029789,7.593526363
16.57000313,2.816040754,4.533238888,7.82021904
16.58000313,2.617714643,4.379713058,7.90033865
16.59000313,2.377193213,4.292669296,7.879786968
16.60000313,2.170142651,4.266151428,7.94535923
16.61000469,2.083395958,4.193606853,7.979711056
16.62000469,2.049857855,4.082410812,8.037612915
16.63000313,1.87562716,4.027765274,8.127164841
16.64000313,1.729523301,4.027238846,8.124418259
16.65000313,1.665272593,4.075658798,8.153751373
16.66000313,1.634128809,4.160643578,8.085295677
16.67000313,1.724696636,4.225497723,7.890675545
16.68000313,1.911501884,4.210548401,7.700154781
16.69000313,2.079536438,4.157876015,7.691257954
16.70000313,2.024144173,4.175458908,7.824921131
16.71000313,1.926470399,4.223716259,7.851688385
16.72000313,1.914336562,4.251824379,7.910968781
16.73000313,1.952030897,4.218286514,8.080775261
16.74000313,1.899597883,4.238320827,8.280538559
16.75000469,1.852441669,4.346021652,8.272417068
16.76000469,1.785825372,4.418317318,8.197468758
16.77000313,1.799606442,4.487154961,8.215569496
16.78000313,1.805879235,4.554278851,8.256749153
16.79000313,1.824525237,4.592327595,8.267122269
16.80000313,1.897136569,4.582923412,8.298666954
16.81000313,2.016597748,4.481696606,8.504060745
16.82000469,2.009501219,4.356613636,8.901106834
16.83000469,1.794013619,4.266687393,9.165262222
16.84000469,1.50335753,4.380728245,9.361223221
16.85000313,1.065410137,4.50925827,9.384293556
16.86000469,0.608653903,4.577291965,9.181562424
16.87000313,0.296268076,4.613971233,8.913863182
16.88000313,0.199427411,4.751111031,8.743815422
16.89000469,0.062028974,4.947445393,8.734651566
16.90000469,-0.126126543,5.082047462,8.694054604
16.91000469,-0.322604299,5.123802185,8.746948242
16.92000313,-0.433886796,4.982036591,8.825736046
16.93000313,-0.391212553,4.757460594,8.945531845
16.94000313,-0.277430505,4.52820158,9.083169937
16.95000313,-0.157433122,4.359668732,9.159104347
16.96000313,-0.127409831,4.284098148,9.245449066
16.97000469,-0.215257883,4.300646782,9.234742165
16.98000469,-0.34377861,4.367263317,9.1783638
16.99000313,-0.610032976,4.454479218,9.050159454
17.00000313,-0.768758953,4.540555477,8.865115166
17.01000313,-0.905266762,4.658541679,8.682199478
17.02000313,-0.906818211,4.711654663,8.614845276
17.03000313,-0.888133883,4.653523445,8.649331093
17.04000469,-0.787577391,4.58127594,8.657912254
17.05000313,-0.659152448,4.52850771,8.657577515
17.06000313,-0.597276688,4.474111557,8.661981583
17.07000313,-0.620797336,4.513309479,8.674690247
17.08000313,-0.744338095,4.534914494,8.657577515
17.09000313,-0.810255289,4.5868783,8.631538391
17.10000313,-0.886017382,4.61648035,8.596045494
17.11000469,-1.005957365,4.683288097,8.505372047
17.12000469,-1.075417876,4.747395515,8.459873199
17.13000313,-1.056599498,4.785338402,8.448160172
17.14000313,-1.018177271,4.705745697,8.44652462
17.15000313,-0.958322287,4.654835701,8.438948631
17.16000313,-0.999559999,4.603120804,8.35794735
17.17000156,-1.090807796,4.581573009,8.223067284
17.18000469,-1.17355144,4.552698612,8.107783318
17.19000469,-1.230274916,4.549155235,8.037689209
17.20000313,-1.273293853,4.523575783,7.991030693
17.21000313,-1.301583767,4.54014349,8.068947792
17.22000313,-1.314780593,4.497574806,8.261575699
17.23000313,-1.608175635,4.628939629,6.875534058
17.24000313,-2.114405632,5.13132,6.786651611
17.25000469,-2.128272772,4.686515331,7.84066534
17.26000313,-1.917228818,4.258853912,8.359786034
17.27000313,-1.885002851,4.078637123,9.168546677
17.28000313,-1.916347742,4.10849762,9.657338142
17.29000469,-2.020504951,4.203116894,10.12213802
17.30000313,-2.27271986,4.337220669,10.46102333
17.31000313,-2.771068096,4.469313622,9.897658348
17.32000469,-3.148135662,4.802366257,8.993657112
17.33000469,-3.041316032,4.863322735,8.433862686
17.34000625,-2.880846977,4.79741478,7.973639488
