Time (s),Gyroscope x (rad/s),Gyroscope y (rad/s),Gyroscope z (rad/s)
0.21548,-0.005550147,-0.69392544,-0.170763016
0.22548,-0.015132004,-0.73012358,-0.182474166
0.23548,-0.023649212,-0.732217968,-0.182474166
0.24548,-0.017261306,-0.702407777,-0.165439755
0.25548,-0.001291544,-0.666192174,-0.13243559
0.26548,0.026371924,-0.649175227,-0.083461642
0.275481563,0.05857325,-0.644864261,-0.055396751
0.28548,0.100094631,-0.621791005,-0.054401912
0.29548,0.124284893,-0.563357353,-0.103061691
0.30548,0.130794972,-0.49902454,-0.183678448
0.31548,0.12044517,-0.463838696,-0.280352235
0.32548,0.082990408,-0.466683596,-0.374966532
0.33548,0.025883233,-0.533756614,-0.4509058
0.345481563,-0.038868483,-0.634374797,-0.522621393
0.355481563,-0.107634455,-0.69141221,-0.601492822
0.36548,-0.187657803,-0.749898136,-0.667640805
0.37548,-0.283528745,-0.819135368,-0.701901615
0.38548,-0.400012016,-0.90065968,-0.689422488
0.39548,-0.498745292,-1.150503635,-0.577965796
0.40548,-0.525920033,-1.571511865,-0.340147227
0.415481563,-0.497069776,-1.924277902,-0.088592909
0.42548,-0.429804772,-2.071077585,0.104004167
0.435483125,-0.272306263,-1.971942782,0.26977554
0.44548,-0.045919612,-1.834602833,0.416610092
0.45548,0.135699347,-1.700212479,0.52895695
0.46548,0.204412967,-1.505084634,0.61405921
0.47548,0.157481059,-1.316728711,0.722967744
0.485487813,0.066182882,-1.107481241,0.947958112
0.49548,0.025254915,-0.915058672,1.224889517
0.505481563,0.071680672,-0.791332304,1.425637245
0.51548,0.183050126,-0.613640308,1.499272704
0.52548,0.321245313,-0.282184839,1.480807185
0.53548,0.419559687,0.266860843,1.420034766
0.54548,0.451848298,0.852645695,1.402267337
0.555487813,0.448567063,1.258731484,1.488556385
0.565481563,0.36465165,1.396926641,1.626646876
0.575481563,0.265691459,1.373399615,1.758576274
0.58548,0.234362811,1.310236096,1.835108995
0.59548,0.280631483,1.228275418,1.880033731
0.60548,0.381930411,1.116644144,1.948363423
0.61548,0.513283849,0.988292694,2.051110983
0.62548,0.658791959,0.922005057,2.183232307
0.635481563,0.795957386,0.944554746,2.326838017
0.645483125,0.914028943,0.993039966,2.452972889
0.65548,0.975621581,1.053149104,2.548948526
0.66548,0.941779673,0.947312355,2.642550707
0.67548,0.815016389,0.958046138,2.687824488
0.68548,0.669560671,1.049920321,2.746432543
0.695483125,0.559727073,1.101808906,2.809229612
0.705481563,0.527089417,0.976040483,2.842390776
0.7154925,0.538468957,0.761225343,2.864346981
0.72548,0.600218713,0.535397172,2.89654851
0.73548,0.720716238,0.357059449,2.968176842
0.74548,0.895179391,0.402403116,3.036995173
0.75548,1.081336141,0.616310656,3.061551809
0.76548,1.231172681,0.912266135,3.032422304
0.775481563,1.303429365,1.09168601,2.99484539
0.78548,1.288820982,1.288716197,3.003188133
0.795483125,1.20103085,1.4390589,3.021322012
0.80548,1.052032113,1.550358534,3.010640621
0.81548,0.89030993,1.592089295,2.974966049
0.82548,0.750107586,1.544057846,2.921681166
0.83548,0.645998716,1.449024677,2.875936031
0.845487813,0.5812819,1.277476311,2.87675643
0.855481563,0.556533158,1.000911474,2.918452263
0.86548,0.561542213,0.722653568,2.959746838
0.87548,0.605821252,0.568034828,2.951857805
0.88548,0.673976362,0.438007832,2.880892754
0.89548625,0.758345544,0.325503916,2.737915516
0.90548,0.847235203,0.250995785,2.530552864
0.915481563,0.920312107,0.228847563,2.286904812
0.925481563,0.95322901,0.263282925,2.049697161
0.93548,0.925600469,0.321437299,1.849019289
0.945484688,0.812084258,0.379172772,1.664363384
0.95548,0.621738613,0.43668139,1.517651081
0.96548,0.394810915,0.496947587,1.39345336
0.97548,0.15781267,0.544438004,1.253617644
0.985481563,-0.06257005,0.532499969,1.087409973
0.995483125,-0.246510297,0.447292984,0.908042431
1.005481563,-0.375978827,0.294192702,0.714485407
1.01548,-0.430904329,0.064961158,0.512498498
1.02548,-0.381057739,-0.233490139,0.313600749
1.03548,-0.241553575,-0.491763979,0.117024325
1.04548625,-0.067073002,-0.597146928,-0.068783425
1.05548,0.072675511,-0.568279207,-0.234450072
1.065481563,0.126763269,-0.515535355,-0.368630975
1.075481563,0.084055059,-0.506477118,-0.464065582
1.08548,-0.0310145,-0.555328846,-0.549970686
1.09548,-0.178861335,-0.659053802,-0.654166877
1.10548,-0.331507832,-0.778504133,-0.794596016
1.11548,-0.472076654,-0.891950488,-0.960053265
1.12548,-0.584283888,-1.007578611,-1.138513207
1.135481563,-0.657273531,-1.100726843,-1.329015851
1.145483125,-0.705392241,-1.147850633,-1.522433281
1.15548,-0.75412184,-1.18441534,-1.70508194
1.16548,-0.815243304,-1.259481907,-1.870766044
1.17548,-0.895633161,-1.388217449,-2.010985851
1.18548,-0.980578303,-1.536011934,-2.129703045
1.19548625,-1.044963479,-1.634623051,-2.225364685
1.205481563,-1.079468727,-1.676982164,-2.320118427
1.215481563,-1.076903105,-1.694697261,-2.408502102
1.22548,-1.0321877,-1.696686864,-2.475435257
1.23548,-0.976005554,-1.698798776,-2.514478445
1.24548,-0.928846776,-1.70405221,-2.537499189
1.25548,-0.893364251,-1.674940109,-2.546417952
1.26548,-0.885370612,-1.614446998,-2.550868511
1.275481563,-0.916001141,-1.550864697,-2.551130295
1.285481563,-0.981834948,-1.488451719,-2.547569752
1.29548,-1.072504878,-1.440734386,-2.537918091
1.30548,-1.183106303,-1.426335454,-2.522227764
1.31548,-1.294685245,-1.462673187,-2.487879515
1.32548,-1.370851398,-1.541701674,-2.422063112
1.33548,-1.389229774,-1.645531297,-2.326297045
1.345481563,-1.34859848,-1.745259404,-2.215869904
1.355481563,-1.269622326,-1.834079266,-2.09839201
1.36548,-1.174414635,-1.910524607,-1.978958964
1.37548,-1.069433093,-1.938694239,-1.854901075
1.38548,-0.957382917,-1.900157452,-1.718573332
1.39548,-0.866835237,-1.817167044,-1.57322228
1.40548,-0.810530901,-1.717613459,-1.420366406
1.415481563,-0.795922518,-1.604550958,-1.265904784
1.425481563,-0.833604157,-1.506009698,-1.125353336
1.43548,-0.913819492,-1.405478716,-0.991155028
1.44548,-0.993336678,-1.269849181,-0.85868454
1.45548,-1.049763203,-1.084652305,-0.730210841
1.46548,-1.067338705,-0.866625786,-0.606013238
1.47548,-1.05903089,-0.651007831,-0.507297397
1.485481563,-1.05882144,-0.479057968,-0.435407281
1.495481563,-1.08397162,-0.364250213,-0.384914905
1.505481563,-1.12697649,-0.329919577,-0.348804057
1.51548,-1.155722141,-0.359764725,-0.304856658
1.52548,-1.145093083,-0.385892302,-0.23905775
1.53548,-1.107010007,-0.374687284,-0.149609625
1.54548,-1.053864717,-0.305380255,-0.039933134
1.55548,-1.006688476,-0.174620196,0.080651663
1.565481563,-1.008486152,-0.062465332,0.213122159
1.575481563,-1.050548553,0.003926991,0.361649662
1.58548,-1.086013675,0.089744829,0.513842404
1.59548,-1.091563821,0.165509567,0.637970209
1.60548,-1.057861567,0.207048401,0.71895349
1.61548,-0.987385094,0.275744557,0.781261742
1.62548,-0.902684271,0.392891079,0.856083989
1.635481563,-0.83786273,0.560547411,0.960489571
1.645481563,-0.826727569,0.7579965,1.109226584
1.65548,-0.872559905,0.935566306,1.290688396
1.66548,-0.935409188,1.090865731,1.476094723
1.67548,-0.977523983,1.250039697,1.627344966
1.68548,-0.995815039,1.356085896,1.731628418
1.69548,-0.998258531,1.340674639,1.817358971
1.705481563,-0.969076633,1.203317285,1.89767909
1.715481563,-0.883171499,0.968221426,1.976236343
1.72548,-0.721815825,0.695496261,2.047114134
1.73548,-0.507716298,0.460924,2.101376295
1.74548,-0.271677941,0.318906546,2.137347698
1.75548,-0.056426495,0.283232033,2.164592266
1.76548,0.095836028,0.307753921,2.195851088
1.775481563,0.198601007,0.360707194,2.228610992
1.785481563,0.280142784,0.500036836,2.249362946
1.79548,0.339030206,0.66275388,2.226394415
1.80548,0.387794703,0.816691935,2.156965256
1.81548,0.417500198,0.948673725,2.073241711
1.82548,0.446385413,1.02208221,2.019258738
1.83548,0.519863784,1.062102675,1.992275834
1.845481563,0.654358864,1.099417806,1.963198662
1.855481563,0.826849759,1.143731713,1.904049516
1.86548,0.99623394,1.20956552,1.795699477
1.87548,1.122299075,1.309852123,1.655758977
1.88548,1.170993805,1.428063273,1.501733661
1.89548,1.135546088,1.522241235,1.357482195
1.90548,1.043602228,1.609752059,1.23619926
1.915481563,0.903068244,1.678867102,1.130868673
1.925481563,0.736528933,1.704331517,1.01841712
1.93548,0.570530653,1.696372747,0.886627257
1.94548,0.413398683,1.635268807,0.759148419
1.95548,0.28923595,1.495625019,0.662334979
1.96548,0.233280703,1.341529846,0.600689948
1.97548,0.2364223,1.189511657,0.554334044
1.985481563,0.286495805,1.055522799,0.505325198
1.995481563,0.360305756,0.934484184,0.458183825
2.005481563,0.442458421,0.826745033,0.400500715
2.01548,0.521993041,0.741223872,0.326516181
2.02548,0.576115727,0.680032611,0.249145746
2.03548,0.616432846,0.630587459,0.186401159
2.04548,0.6510427,0.601946592,0.146694928
2.05548,0.692948043,0.576394975,0.123045713
2.065481563,0.741119146,0.512585759,0.098244585
2.075481563,0.799727321,0.412840188,0.051783919
2.08548,0.847025752,0.320756614,-0.031782445
2.09548,0.849678636,0.273842156,-0.165265232
2.10548,0.785223603,0.285675496,-0.361265689
2.11548,0.620028198,0.350968271,-0.612209141
2.12548,0.338000476,0.416924238,-0.898006797
2.135481563,-0.048555061,0.446071237,-1.170609832
2.14548,-0.461796671,0.461395234,-1.386227727
2.15548,-0.82033968,0.505586982,-1.534476042
2.16548,-1.083989143,0.544647455,-1.619386315
2.17548,-1.235797882,0.525012493,-1.659458995
2.18548,-1.2949121,0.454728067,-1.68038559
2.19548,-1.296430588,0.352731049,-1.705256462
2.205481563,-1.256689429,0.194743842,-1.754631877
2.21548,-1.191082478,-0.017610373,-1.81748116
2.22548,-1.106905222,-0.258116752,-1.903438568
2.23548,-1.005920529,-0.503579855,-2.00133419
2.24548,-0.886592329,-0.716701984,-2.096175432
2.25548,-0.786462784,-0.870535314,-2.169479132
2.26548,-0.737733245,-1.009480953,-2.194437265
2.275481563,-0.714659989,-1.171499848,-2.162166119
2.28548,-0.6762802,-1.301265121,-2.100643396
2.29548,-0.612540781,-1.374865651,-2.049836874
2.30548,-0.543896973,-1.429511905,-2.0376544
2.31548,-0.518292964,-1.484175682,-2.074166775
2.32548,-0.547160745,-1.524230957,-2.154207468
2.33548,-0.601841867,-1.5385077,-2.250497341
2.345481563,-0.666471422,-1.544511676,-2.330328703
2.35548,-0.728622615,-1.553098679,-2.371780157
2.36548,-0.759218216,-1.529798508,-2.391118526
2.37548,-0.739007294,-1.452899337,-2.403964043
2.38548,-0.685233712,-1.348284245,-2.422621727
2.39548,-0.643118918,-1.260180116,-2.464422464
2.40548,-0.645510018,-1.194224119,-2.530343533
2.415481563,-0.663678885,-1.125510454,-2.603717089
2.425481563,-0.679578841,-1.055557728,-2.672465563
2.43548,-0.710226834,-1.022064805,-2.71747756
2.44548,-0.736651123,-1.024909735,-2.729607582
2.45548,-0.711623073,-1.050531149,-2.706778765
2.46548,-0.63146013,-1.077793121,-2.660405397
2.47548,-0.532534838,-1.085385323,-2.60256505
2.485481563,-0.431689739,-1.096956849,-2.541705608
2.495481563,-0.408616483,-1.130519509,-2.50559473
2.505481563,-0.471640319,-1.18989563,-2.475662231
2.51548,-0.546043694,-1.220334172,-2.435100794
2.52548,-0.577913404,-1.203840852,-2.391450167
2.53548,-0.575033605,-1.148897886,-2.342633247
2.54548,-0.541715264,-1.068525434,-2.283117533
2.55548,-0.494312137,-1.002080798,-2.218435526
2.56548,-0.462896228,-0.973562121,-2.168589115
2.575481563,-0.463873595,-0.976005554,-2.122669458
2.58548,-0.490542233,-0.987908721,-2.070588827
2.595478438,-0.523459136,-1.035172224,-2.002625704
2.60548,-0.525134683,-1.102332473,-1.911397338
2.61548,-0.456194162,-1.156891465,-1.799574137
2.62548,-0.310092658,-1.18284452,-1.681380391
2.635481563,-0.117163949,-1.195742488,-1.563396096
2.645481563,0.072221726,-1.19888413,-1.453038931
2.65548,0.238499239,-1.207715511,-1.352822185
2.66548,0.366082817,-1.21843183,-1.26906383
2.67548,0.452633679,-1.205847979,-1.192583442
2.68548,0.516757071,-1.160888314,-1.107987404
2.69548,0.59711206,-1.063778162,-1.022396445
2.705481563,0.694344342,-0.879680872,-0.943507552
2.715481563,0.77733475,-0.611877501,-0.86276859
2.72548,0.839363754,-0.301296175,-0.762639046
2.735481563,0.871652305,-0.032812189,-0.654934824
2.74548,0.886784315,0.224850774,-0.528084278
2.75548,0.88247335,0.420013487,-0.420345098
2.76548,0.87142545,0.550668836,-0.340339214
2.775481563,0.890798569,0.620290041,-0.287246287
2.78548,0.950733185,0.658704698,-0.242548406
2.79548,1.045295119,0.693820715,-0.195686311
2.80548,1.162860513,0.73672092,-0.141057506
2.81548,1.285225511,0.795957386,-0.077003926
2.82548,1.382929087,0.860482216,0.003996804
2.83548,1.447750568,0.91385442,0.099064887
2.845481563,1.485379934,0.96448642,0.188827172
2.855481563,1.488189936,1.024839878,0.253770858
2.86548,1.457489491,1.076571465,0.298573464
2.87548,1.408690095,1.128617167,0.348716795
2.88548,1.377396345,1.177207112,0.418145984
2.89548,1.377885103,1.240457892,0.494975388
2.90548,1.417399287,1.312993765,0.56161207
2.915481563,1.493513107,1.396542668,0.614687502
2.92548,1.578074336,1.475291848,0.655109346
2.93548,1.638096213,1.537320852,0.688584745
2.94548,1.673718333,1.564338565,0.720192671
2.95548,1.690787673,1.580919266,0.747908473
2.96548,1.691014647,1.608181238,0.781034827
2.97548,1.679774642,1.648585677,0.834965527
2.98548,1.672898054,1.689600825,0.911184013
2.995481563,1.680193543,1.708310843,0.990840852
3.005481563,1.711277843,1.725851417,1.067652822
3.01548,1.760199428,1.768193007,1.138286233
3.02548,1.818214178,1.832543373,1.206179619
3.03548,1.868008494,1.918012142,1.281804681
3.04548,1.907470345,2.034425497,1.383574843
3.05548,1.931625724,2.154417038,1.5259763
3.065481563,1.939601898,2.217423439,1.703685641
3.075481563,1.946897268,2.200755358,1.89849937
3.08548,1.968382359,2.119231224,2.097082853
3.09548,2.017356157,2.029189587,2.294409752
3.10548,2.096873522,1.968364835,2.495122671
3.11548,2.197736025,1.946583152,2.710059881
3.12548,2.307691813,1.959777832,2.926515818
3.135481563,2.402724981,1.982519507,3.141732216
3.145481563,2.473306179,1.978452921,3.358100653
3.15548,2.533205748,1.922637224,3.580822229
3.16548,2.604205847,1.821512818,3.794380665
3.17548,2.690355301,1.731244445,3.9681108
3.18548,2.776260376,1.718294144,4.080405235
3.19548,2.834292412,1.798544288,4.118802547
3.205481563,2.822127581,1.92897284,4.08595562
3.215487813,2.691454887,2.029678345,4.025147915
3.22548,2.451140404,2.047271252,3.968285322
3.23548,2.186077356,1.980494857,3.927025795
3.24548,1.981489778,1.905201435,3.906797409
3.255483125,1.850310802,1.879335642,3.901735783
3.26548,1.778141379,1.920071602,3.915960312
3.275481563,1.755312562,1.98236239,3.936258554
3.285481563,1.749832153,2.072630882,3.959279299
3.29548,1.713860989,2.208068371,3.953572273
3.30548,1.633732915,2.336734056,3.898384809
3.31548,1.51665616,2.401468277,3.77971983
3.32548,1.366488099,2.40708828,3.604855299
3.33548,1.203125238,2.374119043,3.427477598
3.345481563,1.073290229,2.324691296,3.290486574
3.355481563,1.004402041,2.287795067,3.220202208
3.36548,1.012727261,2.240025282,3.211999178
3.37548,1.100046158,2.189916849,3.235945225
3.38548,1.232743502,2.174243927,3.227166176
3.39548,1.353590131,2.199533701,3.159203053
3.40548,1.41015625,2.237285137,3.02332902
3.415481563,1.360763431,2.215904951,2.841849804
3.425481563,1.231835961,2.114483833,2.656530857
3.43548,1.105945349,1.961610436,2.519487381
3.445478438,1.06314981,1.767145872,2.432866812
3.45548,1.137064576,1.527564526,2.384800434
3.46548,1.327706814,1.302609086,2.318617582
3.47548,1.577742696,1.236757755,2.16415596
3.48548,1.803535938,1.375668526,1.902792811
3.495481563,1.928326964,1.642651558,1.558212519
3.505481563,1.919600368,1.92830956,1.207314014
3.51548,1.791580439,2.239519119,0.811857343
3.52548,1.629613876,2.485436201,0.448200554
3.53548,1.506341338,2.647245646,0.161181152
3.54548,1.430000663,2.736170053,-0.042219516
3.55548,1.386716485,2.787919044,-0.171740398
3.565481563,1.367447972,2.800694942,-0.264155567
3.575481563,1.357429862,2.738613605,-0.346587479
3.58548,1.354899049,2.596159697,-0.44361034
3.59548,1.366313577,2.423354864,-0.558714807
3.60548,1.391900063,2.230705261,-0.670887113
3.61548,1.431833148,1.96892333,-0.748938203
3.62548,1.498260379,1.659493923,-0.790703952
3.635481563,1.592124224,1.416613936,-0.809047401
3.645481563,1.692637801,1.280914545,-0.843569994
3.65548,1.755085588,1.207034826,-0.939772546
3.665481563,1.731052399,1.15518105,-1.114514947
3.67548,1.592089295,1.085891485,-1.349104643
3.68548,1.353031635,0.959808886,-1.59767437
3.69548,1.064633369,0.794142246,-1.819505692
3.705481563,0.793112516,0.625264227,-1.979011416
3.71548,0.605018377,0.448567063,-2.062787294
3.72548,0.525710642,0.31686452,-2.102545738
3.73548,0.522080362,0.283825427,-2.157750607
3.74548,0.514226377,0.300807506,-2.263552427
3.75548,0.465828389,0.243508339,-2.413511038
3.765483125,0.389487684,0.125489175,-2.559612513
3.775481563,0.281399429,-0.008761553,-2.699675322
3.78548,0.172647968,-0.138387159,-2.813662767
3.79548,0.086149454,-0.25769785,-2.900789499
3.80548,0.012618731,-0.347215801,-2.960689306
3.815483125,-0.069987699,-0.374303311,-2.980620861
3.82548,-0.174829632,-0.334282905,-2.954615593
3.83548,-0.293023318,-0.21504201,-2.914682388
3.845481563,-0.434429914,-0.062046453,-2.901400328
3.855481563,-0.594284594,0.03754203,-2.936149836
3.86548625,-0.755169034,0.066130526,-3.004182816
3.87548,-0.899647415,0.053494342,-3.068567991
3.88548,-1.016427398,0.020228365,-3.12591958
3.89548,-1.113310575,0.033405602,-3.172746658
3.90548,-1.206406474,0.094579391,-3.200183392
3.915489375,-1.301282525,0.149993598,-3.205559015
3.925481563,-1.400993228,0.159784898,-3.186377764
3.93548,-1.479655266,0.105976395,-3.121207237
3.94548,-1.50972724,-0.01733112,-2.999104023
3.95548,-1.477805138,-0.19615756,-2.837626219
3.96548625,-1.391306639,-0.401094109,-2.642795086
3.97548,-1.260825872,-0.608561397,-2.437474489
3.98548,-1.114671946,-0.809204459,-2.249572277
3.995481563,-0.983580291,-0.979094803,-2.108427525
4.005481563,-0.889245272,-1.110867143,-2.017391205
4.01548,-0.833813608,-1.223091841,-1.961191535
4.02548,-0.82021749,-1.306029916,-1.928676128
4.03548,-0.842138827,-1.375895381,-1.892198682
4.04548,-0.890658975,-1.42574203,-1.836400509
4.05548,-0.958360314,-1.464244008,-1.757162571
4.065481563,-1.047267318,-1.536256313,-1.661919951
4.075481563,-1.163052559,-1.66752243,-1.564478278
4.08548,-1.274404526,-1.832979679,-1.482674599
4.09548,-1.330726266,-2.032366037,-1.423176408
4.10548,-1.304301977,-2.267200232,-1.393854856
4.11548,-1.188185215,-2.506816387,-1.387257457
4.12548,-1.028452754,-2.743465662,-1.405443788
4.135481563,-0.877272308,-3.011391163,-1.448431253
4.14548,-0.777823448,-3.277239561,-1.519431233
4.15548,-0.779254615,-3.497639894,-1.566328287
4.16548,-0.89236939,-3.648750305,-1.546972632
4.17548,-1.046220183,-3.731688499,-1.465500593
4.18548,-1.147169948,-3.720797539,-1.331686258
4.19548,-1.154989123,-3.58762908,-1.176037788
4.205481563,-1.070392966,-3.341240883,-1.024071932
4.215487813,-0.933297336,-3.026906967,-0.908758044
4.22548,-0.784176409,-2.735018253,-0.873903811
4.23548,-0.642926931,-2.442326546,-0.914116204
4.24548,-0.551890552,-2.131692886,-0.974522054
4.25548,-0.538207173,-1.904799938,-1.007822871
4.26548,-0.577808678,-1.764370799,-0.998066545
4.275481563,-0.618666887,-1.670506954,-0.9524436
4.285481563,-0.650292218,-1.600309849,-0.90441215
4.29548,-0.667693138,-1.543063045,-0.891287267
4.30548,-0.680835485,-1.474489093,-0.944519818
4.31548,-0.710628271,-1.410051465,-1.05391705
4.32548,-0.774454951,-1.392842531,-1.166700244
4.33548,-0.822591126,-1.424851894,-1.247509003
4.345481563,-0.821735919,-1.451782346,-1.286482215
4.355481563,-0.772500157,-1.451328516,-1.302661419
4.365481563,-0.715619922,-1.425462723,-1.336328745
4.37548,-0.68790406,-1.382771969,-1.379263878
4.38548,-0.694990098,-1.290374279,-1.436318755
4.39548,-0.740735173,-1.173472166,-1.506987095
4.40548,-0.817320228,-1.066431046,-1.554006219
4.415481563,-0.893102407,-0.984348238,-1.56638062
4.42548,-0.950122356,-0.948621333,-1.569242954
4.43548,-0.94584626,-0.918078065,-1.570709109
4.445478438,-0.880029917,-0.837670743,-1.573466659
4.45548,-0.786131203,-0.722339392,-1.56864953
4.46548,-0.709546149,-0.59232986,-1.539275646
4.47548,-0.690853655,-0.495603681,-1.502571344
4.48548,-0.734294891,-0.468062401,-1.459374547
4.495481563,-0.781575918,-0.488849282,-1.405251861
4.505481563,-0.787527442,-0.528555512,-1.359297276
4.51548,-0.717557192,-0.557353437,-1.320463777
4.52548,-0.577634156,-0.53942889,-1.277895212
4.53548,-0.416522831,-0.473682344,-1.225029111
4.54548,-0.285588235,-0.379748732,-1.160207629
4.55548,-0.202336013,-0.245969251,-1.073272824
4.565481563,-0.171670586,-0.084508844,-0.983650088
4.57548,-0.19024089,0.084316857,-0.915739357
4.58548,-0.263649434,0.232774556,-0.883066773
4.59548,-0.358612806,0.339850515,-0.883293688
4.60548,-0.421776265,0.396503896,-0.898460567
4.61548,-0.432719469,0.41664499,-0.908810377
4.62548,-0.392559469,0.402909249,-0.907588661
4.635481563,-0.318313152,0.344231278,-0.902195573
4.645481563,-0.233961388,0.242164433,-0.895039737
4.65548,-0.14824827,0.142663211,-0.902946115
4.66548,-0.079744093,0.066357419,-0.931307673
4.67548,-0.042830382,0.00858702,-0.981014669
4.68548,-0.059986968,-0.04569272,-1.053777456
4.69548,-0.143553331,-0.095277525,-1.153348446
4.705481563,-0.274261028,-0.148475155,-1.255223393
4.715481563,-0.421566814,-0.207886159,-1.343851209
4.72548,-0.558575153,-0.305188268,-1.412407637
4.73548,-0.640972137,-0.401233733,-1.43052423
4.74548,-0.641844809,-0.454937518,-1.402057886
4.75548,-0.592643976,-0.482059926,-1.343257785
4.76548,-0.514680147,-0.496999949,-1.266847253
4.775481563,-0.433190733,-0.492619187,-1.198081255
4.78548,-0.380883187,-0.500263751,-1.160766125
4.79548,-0.367723405,-0.522429407,-1.159334898
4.80548,-0.387515455,-0.534925938,-1.210438132
4.81548,-0.421374828,-0.533041,-1.307286501
4.82548,-0.452319533,-0.513598025,-1.413193107
4.83548,-0.467887878,-0.497314125,-1.504229426
4.845481563,-0.484032154,-0.518711865,-1.565333486
4.855481563,-0.490472436,-0.587268412,-1.587673664
4.865481563,-0.468952507,-0.662596822,-1.589698195
4.87548,-0.433469981,-0.725184321,-1.596662045
4.88548,-0.413835019,-0.786043942,-1.610031366
4.89548,-0.405422539,-0.85674721,-1.631306887
4.90548,-0.395683587,-0.916070938,-1.663822412
4.915481563,-0.380743563,-0.958569705,-1.715658665
4.925481563,-0.360515207,-0.999864221,-1.779799461
4.93548,-0.332293242,-1.059798837,-1.836749554
4.94548,-0.278100759,-1.125248671,-1.874605775
4.95548,-0.210783407,-1.158217907,-1.900785685
4.96548,-0.204639852,-1.159910917,-1.939270258
4.97548,-0.324666142,-1.157065988,-2.001055002
4.98548,-0.542465806,-1.16326189,-2.080275297
4.995481563,-0.784403324,-1.155599952,-2.173894882
5.005481563,-1.007805467,-1.200943589,-2.283693552
5.01548,-1.143958569,-1.313988566,-2.392986059
5.02548,-1.126365662,-1.449111938,-2.495122671
5.03548,-0.978152335,-1.62793839,-2.585827351
5.04548,-0.774402559,-1.865320683,-2.639845371
5.05548,-0.571892023,-2.072037458,-2.637052774
5.065481563,-0.37124899,-2.236621857,-2.602931738
5.075481563,-0.269548655,-2.338461876,-2.580905676
5.08548,-0.282533884,-2.412062407,-2.58368063
5.09548,-0.360724658,-2.43450737,-2.604100943
5.10548,-0.450260043,-2.444909573,-2.643144131
5.11548,-0.481693417,-2.395237446,-2.677020788
5.12548,-0.364878535,-2.215660572,-2.652970314
5.135481563,-0.083042763,-1.926005721,-2.564447165
5.145481563,0.319011271,-1.572314739,-2.419637203
5.15548,0.783251405,-1.14128828,-2.220163584
5.16548,1.224872112,-0.652229548,-1.974072099
5.17548,1.566031575,-0.158126831,-1.70347631
5.18548,1.786519051,0.300877303,-1.418429136
5.19548,1.925726533,0.678776026,-1.143871307
5.205481563,2.034826994,0.971746981,-0.913383126
5.215481563,2.168554068,1.208134413,-0.746424973
5.22548,2.341813087,1.39638555,-0.632734239
5.23548,2.542525768,1.53817606,-0.538294435
5.24548,2.752471447,1.624412894,-0.426610827
5.25548,2.946988344,1.640766621,-0.272864789
5.26548,3.104155302,1.596731901,-0.084107414
5.275481563,3.21374464,1.521386027,0.13255775
5.28548,3.285023689,1.412111044,0.371598035
5.29548,3.342898846,1.29161346,0.621127784
5.30548,3.389830828,1.141113758,0.855071723
5.31548,3.408663034,0.953525722,1.090918064
5.32548,3.343108416,0.598944664,1.356330276
5.335483125,3.289264917,0.490577132,1.603399038
5.345481563,3.279962301,0.639820278,1.810866356
5.355481563,3.227427959,0.874130726,2.007425308
5.365481563,3.123092175,1.067949533,2.170910358
5.37548,3.006032944,1.240597486,2.29489851
5.38548,2.890020847,1.418655992,2.373804808
5.39548,2.753710747,1.612753987,2.403894424
5.40548,2.566995382,1.791912079,2.389914274
5.415481563,2.328932524,1.9358145,2.36598587
5.42548,2.06086731,2.027077675,2.358690262
5.43548,1.749256253,1.993881583,2.361325741
5.44548,1.385180593,1.881133318,2.358376026
5.45548,1.018277407,1.722430468,2.367748499
5.46548,0.705654085,1.551440597,2.383421659
5.47548,0.460470229,1.442636847,2.386406183
5.485483125,0.298817813,1.411500096,2.362617254
5.495481563,0.208898455,1.44998467,2.317116499
5.505481563,0.135629535,1.561336637,2.251527071
5.51548,0.02974041,1.694749594,2.184925318
5.52548,-0.129520878,1.792941809,2.131500721
5.53548625,-0.347006351,1.837377906,2.070012808
5.54548,-0.580339432,1.866943836,1.99964118
5.55548,-0.796812594,1.937507391,1.96459496
5.565481563,-0.987332761,2.047236204,2.003079414
5.575481563,-1.195096731,2.121098518,2.115426302
5.58548,-1.412460089,2.105478048,2.260864496
5.59548,-1.608966708,2.05674839,2.391135931
5.60548,-1.74602735,2.044914961,2.46861124
5.61548,-1.808527589,2.047393322,2.454683304
5.62548,-1.835440636,2.089822292,2.360627651
5.63548625,-1.845336556,2.174156666,2.243376493
5.64548,-1.818999648,2.185850382,2.211768389
5.65548,-1.715588808,2.054287434,2.311217308
5.66548,-1.49707365,1.860590816,2.507619143
5.67548,-1.20181632,1.764684916,2.712014675
5.68548,-0.923052251,1.792104125,2.835601568
5.69548,-0.73523742,1.890732646,2.859233379
5.705481563,-0.692005575,2.065562248,2.787552595
5.715481563,-0.790721416,2.311199903,2.651224852
5.72548,-0.970228553,2.544585228,2.501144171
5.73548,-1.124620318,2.676357746,2.398030043
5.74548,-1.162616134,2.68173337,2.33596611
5.75548,-1.073394895,2.609843254,2.288527966
5.76548,-0.899071455,2.520360231,2.256117344
5.775481563,-0.685425699,2.398291826,2.223968267
5.78548,-0.475619674,2.22377634,2.170264482
5.79548,-0.295990378,2.024058342,2.098566532
5.80548,-0.15985471,1.841043115,2.018298626
5.81548,-0.065851271,1.669826269,1.941818357
5.82548,-0.000855211,1.50688231,1.881901264
5.835484688,0.059655353,1.354462743,1.809504986
5.845481563,0.102660269,1.271088362,1.709410429
5.85548,0.10569714,1.24040544,1.575177073
5.865481563,0.080285147,1.22469759,1.414345026
5.87548,0.043895032,1.228380203,1.242185712
5.885484688,0.006318092,1.252186418,1.074512005
5.89548,-0.010698868,1.264316559,0.928218424
5.90548,0.006038839,1.229235411,0.816290498
5.91548,0.058712877,1.122613192,0.741188943
5.925481563,0.154723436,0.957627237,0.702337921
5.935489375,0.292150676,0.752620876,0.682999671
5.94548,0.429787338,0.552518904,0.653730512
5.95548,0.525361538,0.372173995,0.584388614
5.96548,0.584056973,0.232076436,0.466735959
5.97548,0.606658995,0.142471224,0.306252927
5.98548,0.569535851,0.039461896,0.134460166
5.995481563,0.463402361,-0.123848565,-0.008499754
6.005481563,0.349729061,-0.335207939,-0.076375611
6.01548,0.293512017,-0.560111046,-0.081349798
6.02548,0.339972675,-0.739687979,-0.051539574
6.03548,0.48129198,-0.843953967,-0.023160519
6.04548,0.67594856,-0.890554249,-0.011728613
6.05548,0.877132654,-0.942844331,-0.011850785
6.065481563,1.017980695,-1.030843854,-0.013596115
6.075481563,1.022483706,-1.16643846,-0.047298424
6.08548,0.905354619,-1.315227747,-0.152140349
6.09548,0.714049101,-1.459950447,-0.37285468
6.10548,0.47399652,-1.614220142,-0.702198327
6.11548,0.162490159,-1.795036197,-1.080131888
6.12548,-0.139521614,-1.949113846,-1.428883553
6.135481563,-0.334544718,-2.05435729,-1.66752243
6.145481563,-0.345662445,-2.145446062,-1.760548472
6.15548,-0.169576183,-2.223357439,-1.759204626
6.16548,0.06148795,-2.235923767,-1.743863225
6.17548,0.147707209,-2.225521564,-1.796519756
6.18548,-0.011431906,-2.265803814,-1.938519716
6.19548,-0.360166132,-2.254598856,-2.132565498
6.205481563,-0.760771573,-2.068599224,-2.326995134
6.21548,-1.093448758,-1.763620257,-2.495140076
6.22548,-1.260110259,-1.465046763,-2.62462616
6.23548,-1.202933311,-1.233563781,-2.68684721
6.24548,-0.919596553,-1.078770518,-2.663442135
6.25548,-0.445390582,-1.012936711,-2.549437284
6.26548,0.130585536,-0.979845285,-2.410561562
6.275481563,0.603238165,-0.884969175,-2.382932901
6.28548,0.759933829,-0.87769115,-2.479257584
6.29548,0.590183079,-1.057913899,-2.5946064
6.30548,0.215513259,-1.25360024,-2.637401819
6.31548,-0.153274819,-1.364254117,-2.617138624
6.32548,-0.394741118,-1.487962961,-2.522140503
6.33548,-0.44451791,-1.671135306,-2.352354765
6.345481563,-0.310947865,-1.855965614,-2.156197309
6.355481563,-0.11566297,-1.969167709,-2.006133795
6.365481563,-0.110950582,-2.065527439,-2.024808884
6.37548,-0.388335764,-2.222362518,-2.146999359
6.38548,-0.85299474,-2.339369535,-2.251596928
6.39548,-1.326973796,-2.193215609,-2.314289093
6.40548,-1.653385282,-1.721418262,-2.339439392
6.41548,-1.774842739,-1.092610955,-2.358131886
6.425481563,-1.691206574,-0.44055602,-2.362774372
6.43548,-1.449338913,0.219405338,-2.32982254
6.44548,-1.18375206,0.786078811,-2.253412008
6.45548,-1.04517293,1.220089912,-2.13855195
6.46548,-1.103344798,1.546483874,-1.992677331
6.47548,-1.313709378,1.775104523,-1.83409667
6.48548,-1.560498834,1.960633039,-1.659354329
6.495481563,-1.726025939,2.14605689,-1.453527689
6.505481563,-1.766500115,2.325895548,-1.22560513
6.51548,-1.703179598,2.465050697,-0.973265409
6.52548,-1.582158446,2.537691355,-0.687013924
6.53548,-1.417469144,2.555546045,-0.346465319
6.54548,-1.219950199,2.476081133,0.066549405
6.55548,-1.021139741,2.262225866,0.570303798
6.565481563,-0.829624832,1.926476955,1.151236653
6.57548,-0.625508547,1.498592019,1.7410357
6.58548,-0.36864844,1.081022024,2.256187201
6.59548,-0.071401417,0.77630502,2.632567406
6.60548,0.271782666,0.552710891,2.922431707
6.61548,0.552431583,0.411670804,3.103142977
6.62548,0.730298102,0.279689014,3.210567951
6.635481563,0.770929396,0.05359906,3.265126944
6.645481563,0.731833994,-0.247522593,3.299370289
6.65548,0.701866686,-0.542395949,3.320261955
6.66548,0.731572211,-0.715288281,3.314659595
6.67548,0.837007523,-0.669438481,3.293767929
6.68548,0.994750381,-0.396748245,3.253154039
6.69548,1.143068433,0.043790311,3.200619698
6.705481563,1.220264435,0.554124594,3.173444986
6.715481563,1.223161697,1.02579987,3.176132679
6.72548,1.180680275,1.35235095,3.191159964
6.73548,1.113293171,1.490895152,3.19102025
6.74548,1.035765648,1.475867867,3.147579193
6.75548,0.987297833,1.42198956,3.063070297
6.76548,0.997054219,1.391708136,2.973936319
6.775481563,1.051037312,1.425584912,2.925730228
6.785481563,1.125842094,1.495223522,2.94969368
6.795481563,1.204154968,1.550253749,3.020466805
6.80548,1.27714467,1.543970585,3.094451189
6.81548,1.351652741,1.441275477,3.136967421
6.82548,1.442636847,1.221922517,3.131888628
6.83548,1.521176577,0.936892748,3.060871124
6.845481563,1.554861426,0.610865235,2.936830521
6.85548,1.542556882,0.242670581,2.811516047
6.865481563,1.498818994,-0.058887407,2.711945057
6.87548,1.440594792,-0.273266196,2.629931927
6.88548,1.390591025,-0.36432004,2.559682369
6.89548,1.341704369,-0.314752668,2.474143744
6.90548,1.282659888,-0.138945654,2.335041046
6.91548,1.19216454,0.074211396,2.142461538
6.925481563,1.056971431,0.230592906,1.909390211
6.93548,0.889943361,0.307753921,1.653786778
6.94548,0.725603163,0.292761534,1.413018584
6.95548,0.599747479,0.200835034,1.221643209
6.96548,0.539149642,0.067317352,1.074616671
6.97548,0.557493091,-0.078644536,0.964695811
6.98548,0.652072489,-0.199142069,0.872699559
6.995481563,0.806167603,-0.229144275,0.756181359
7.005481563,0.954799831,-0.123848565,0.584789991
7.01548,1.024194121,0.027785642,0.353533894
7.02548,0.988135576,0.13823007,0.101438537
7.03548,0.831701756,0.203051612,-0.135071024
7.04548,0.571403325,0.259792268,-0.337459415
7.05548,0.222477123,0.335260302,-0.481675953
7.065481563,-0.172473431,0.38456586,-0.562676668
7.075481563,-0.533145726,0.382855415,-0.599538028
7.08548,-0.797789991,0.327668101,-0.630116224
7.09548,-0.94197166,0.191427708,-0.664377034
7.105481563,-0.964713275,-0.01654572,-0.706177652
7.11548,-0.899961591,-0.216560453,-0.760108352
7.12548,-0.77766633,-0.401076674,-0.847392261
7.135481563,-0.661340177,-0.534140587,-0.960035801
7.145481563,-0.604756594,-0.63727206,-1.081039429
7.15548,-0.63648665,-0.697311401,-1.18272233
7.16548,-0.74900806,-0.689579606,-1.239253521
7.17548,-0.905965507,-0.592993081,-1.243721604
7.18548,-1.054458141,-0.449841172,-1.206773043
7.19548,-1.182198763,-0.338157535,-1.171115875
7.205489375,-1.284475088,-0.298660755,-1.163768053
7.215481563,-1.342943549,-0.310528994,-1.184467673
7.22548,-1.341652036,-0.359939247,-1.238695025
7.23548,-1.27693522,-0.44430846,-1.323326111
7.24548,-1.188918233,-0.532761753,-1.435009718
7.255484688,-1.139944315,-0.648145497,-1.545541406
7.26548,-1.165059686,-0.867934763,-1.62497139
7.275481563,-1.275870562,-1.126871824,-1.669931054
7.285481563,-1.465919495,-1.355632186,-1.71077168
7.29548,-1.685516834,-1.480108976,-1.761456132
7.30548,-1.870085359,-1.514317513,-1.833346248
7.31548,-1.995539665,-1.521054387,-1.932184219
7.32548,-2.037218094,-1.565490484,-2.034128904
7.33548,-1.977388263,-1.680996418,-2.09999752
7.345481563,-1.836906672,-1.807654977,-2.090328455
7.355481563,-1.665742278,-1.938589573,-1.991891861
7.365481563,-1.490825295,-2.045927286,-1.825562
7.37548,-1.330586672,-2.004999399,-1.651622534
7.38548,-1.185008764,-1.733478427,-1.488922954
7.39548,-1.117604136,-1.355859041,-1.390067458
7.405483125,-1.178411365,-0.99190551,-1.387501836
7.41548,-1.34962821,-0.678950548,-1.470474839
7.42548,-1.591845036,-0.467870414,-1.595422864
7.43548,-1.8202039,-0.367601246,-1.693161368
7.44548,-1.935221076,-0.331682384,-1.713319898
7.45548625,-1.884973049,-0.35067156,-1.678465724
7.46548,-1.698990703,-0.387829602,-1.624465227
7.47548,-1.443788767,-0.427902371,-1.56922555
7.48548,-1.193281651,-0.491153091,-1.51051259
7.495481563,-0.990230024,-0.561088443,-1.440036297
7.505481563,-0.853710353,-0.604006112,-1.366435766
7.51548,-0.795241833,-0.615612507,-1.309625268
7.52548,-0.817547143,-0.609591126,-1.269622326
7.53548,-0.885824382,-0.591073215,-1.216354847
7.54548,-0.944345295,-0.560721934,-1.11877346
7.55548,-0.94300139,-0.527229071,-0.983981729
7.565481563,-0.862663865,-0.48356092,-0.842819512
7.575481563,-0.72748816,-0.432597309,-0.717888832
7.58548,-0.575801551,-0.380185068,-0.632280409
7.59548,-0.481134921,-0.374739647,-0.60358721
7.60548,-0.46661377,-0.443749964,-0.601370633
7.61548,-0.483665645,-0.52759558,-0.602871656
7.62548,-0.477138102,-0.54602623,-0.59995693
7.635481563,-0.440905064,-0.465426952,-0.58379519
7.645481563,-0.384443671,-0.280683845,-0.549604177
7.655483125,-0.353027761,-0.063041292,-0.506843626
7.66548,-0.370603204,0.148911491,-0.450504392
7.67548,-0.420345098,0.348629504,-0.385944664
7.68548,-0.479581565,0.530981541,-0.327511042
7.69548,-0.546445131,0.674115956,-0.276948839
7.705481563,-0.614809692,0.736790717,-0.227992356
7.71548,-0.658809423,0.721833289,-0.147567585
7.72548,-0.652264416,0.692075431,-0.019006636
7.73548,-0.579292238,0.667099774,0.140080124
7.74548,-0.441254139,0.676751435,0.313827664
7.75548,-0.264452279,0.764349461,0.476579607
7.76548,-0.088610366,0.918985665,0.598229051
7.775481563,0.028379053,1.130240321,0.653713048
7.785481563,0.044139378,1.276970148,0.648320019
7.795481563,-0.042830382,1.30583787,0.617078602
7.80548,-0.18853046,1.273444533,0.585173965
7.81548,-0.339100033,1.254944086,0.580234706
7.82548,-0.465234965,1.26258862,0.618614495
7.83548,-0.537020385,1.260633826,0.707486689
7.845481563,-0.530108869,1.205062628,0.846013427
7.855481563,-0.434325188,1.090359569,1.009079576
7.865481563,-0.261799395,0.943594813,1.145686507
7.87548,-0.046705011,0.760474861,1.226373076
7.88548,0.135978594,0.54908061,1.236216664
7.89548,0.243403614,0.326167136,1.181762457
7.90548,0.256179422,0.131842166,1.091057658
7.91548,0.170047432,0.006126106,1.004925728
7.92548,0.029914944,-0.067736231,0.971589863
7.93548,-0.105260804,-0.079534657,1.01012671
7.94548,-0.19716984,-0.021380283,1.092855334
7.95548,-0.243805036,0.080581851,1.187644243
7.96548,-0.250891089,0.222145513,1.262047529
7.97548,-0.252863288,0.382488906,1.281996727
7.98548,-0.279933363,0.520928442,1.230684042
7.99548,-0.31970942,0.599904597,1.134359241
8.00548,-0.319447607,0.603953719,1.061736107
8.01548,-0.229737684,0.543530405,1.052398682
8.02548,-0.015934857,0.46649161,1.11139071
8.03548,0.327633202,0.431427926,1.213178396
8.04548,0.75342375,0.445146233,1.319783092
8.05548,1.176107526,0.495882958,1.377274156
8.065481563,1.502274752,0.544298351,1.358127952
8.075481563,1.68879807,0.52780503,1.298455119
8.08548,1.752135992,0.454920053,1.232272267
8.09548,1.728870749,0.368997514,1.167852163
8.10548,1.648690343,0.249704257,1.110169053
8.11548,1.561825275,0.128211886,1.046220183
8.12548,1.502606273,0.072169363,0.949162424
8.135481563,1.476688147,0.039915681,0.808070004
8.145481563,1.470980883,-0.03351032,0.637987673
8.15548,1.482412815,-0.203243583,0.406033397
8.16548,1.508505464,-0.499775022,0.14290756
8.17548,1.529938221,-0.921813071,-0.115837499
8.18548,1.500232697,-1.366627693,-0.373744816
8.19548,1.370205641,-1.721104026,-0.616223395
8.205481563,1.153784752,-1.949532747,-0.817407489
8.21548,0.875457168,-2.011142969,-0.97747165
8.22548,0.547405064,-1.88642168,-1.096956849
8.23548,0.242792755,-1.604184508,-1.16680491
8.24548,0.051679198,-1.234331727,-1.187330008
8.25548,0.045902159,-0.927939177,-1.16952765
8.26548,0.208985731,-0.743981481,-1.160434484
8.275481563,0.411426455,-0.611615717,-1.208849907
8.285481563,0.540353954,-0.529358387,-1.307321429
8.295481563,0.520020843,-0.498919815,-1.430593967
8.30548,0.342416137,-0.48673743,-1.552714705
8.31548,0.093724184,-0.459370643,-1.650941849
8.32548,-0.116814889,-0.411740631,-1.717351675
8.33548,-0.204465315,-0.361038804,-1.74796474
8.345481563,-0.147951558,-0.333445162,-1.758209825
8.355481563,0.024940755,-0.28956759,-1.759763122
8.365481563,0.231849536,-0.18908897,-1.761019707
8.37548,0.367583781,-0.066287607,-1.768123269
8.38548,0.340321749,0.022968533,-1.775575757
8.39548,0.171618223,0.076899208,-1.782976031
8.40548,-0.03478441,0.076654859,-1.805595517
8.41548,-0.213157058,0.020123646,-1.845580935
8.425481563,-0.298538566,-0.060562924,-1.898412108
8.43548,-0.268658519,-0.156433865,-1.944942594
8.445478438,-0.194586754,-0.245375842,-1.996412277
8.45548,-0.215146735,-0.318417877,-2.05880785
8.46548,-0.373413205,-0.372872144,-2.085040092
8.47548,-0.609643519,-0.346465319,-2.055631399
8.48548,-0.870674968,-0.247051358,-1.984771013
8.495481563,-1.095333695,-0.08784242,-1.870975494
8.50548,-1.220630884,0.096795961,-1.709096193
8.51548,-1.200978518,0.258465797,-1.514858484
8.52548,-1.034020305,0.428094357,-1.283951402
8.53548,-0.768660426,0.614984214,-1.020424247
8.54548,-0.491990864,0.796184301,-0.729582548
8.55548,-0.271154344,0.971013904,-0.410100013
8.565481563,-0.12463396,1.148845553,-0.082868233
8.57548,-0.053686328,1.333309412,0.223070532
8.58548,-0.056391589,1.514212728,0.489791751
8.59548,-0.120776787,1.642459512,0.721379459
8.60548,-0.220173284,1.694470406,0.924047112
8.61548,-0.319395244,1.673980236,1.120990038
8.62548,-0.38023743,1.606278896,1.331546545
8.635481563,-0.365821004,1.519291639,1.565054178
8.645481563,-0.27806586,1.41996491,1.802523732
8.65548,-0.175021619,1.291997433,2.015419006
8.66548,-0.085817836,1.161813378,2.183162451
8.67548,0.005707227,1.038278937,2.329403639
8.68548,0.087563172,0.907065034,2.451821089
8.69548,0.126745805,0.753179371,2.549053431
8.705481563,0.113690749,0.609207153,2.62223506
8.715481563,0.076288342,0.532342851,2.681471586
8.725481563,0.074106678,0.568942428,2.731544971
8.73548,0.104318328,0.71499157,2.770849705
8.74548,0.109501958,0.904132903,2.795127392
8.75548,0.081873395,1.086153269,2.818287849
8.76548,0.029146999,1.254350662,2.850716114
8.775481563,-0.042795472,1.390678287,2.901313066
8.785481563,-0.081524327,1.462603331,2.968176842
8.795481563,-0.060109138,1.450281382,3.024550915
8.80548,-0.015481071,1.430227518,3.053313971
8.81548,0.038205259,1.45464468,3.056263447
8.82548,0.095713854,1.502519011,3.028949022
8.83548,0.149888873,1.56341362,2.97051549
8.84548,0.189141333,1.599454641,2.874138355
8.855481563,0.182683617,1.550742507,2.731178522
8.865481563,0.153013021,1.420139551,2.584029675
8.87548,0.124686323,1.289449215,2.456254244
8.88548,0.115645513,1.200385094,2.357747793
8.89548,0.141319305,1.154482961,2.271999836
8.90548,0.196681157,1.169213533,2.191644907
8.91548,0.240785629,1.22708869,2.110382318
8.925483125,0.274854451,1.262274504,2.018438339
8.93548,0.300632954,1.244384885,1.894013882
8.94548,0.298137128,1.176107526,1.730022669
8.95548,0.281120181,1.095996976,1.510861754
8.96548,0.251397222,1.025695086,1.259412169
8.975487813,0.184690744,0.957871616,1.004629016
8.98548,0.084264494,0.884148896,0.775641799
8.995481563,-0.015062192,0.80314815,0.588472664
9.005481563,-0.115278997,0.726650357,0.446804285
9.01548,-0.194377318,0.64250803,0.367426723
9.02548625,-0.23130849,0.529428184,0.347076178
9.03548,-0.229475886,0.411810428,0.35669294
9.04548,-0.207955986,0.335068315,0.365402132
9.05548,-0.176732033,0.319639593,0.3477045
9.065481563,-0.145979345,0.354738176,0.298782915
9.07548,-0.134704515,0.372749954,0.203261048
9.08548,-0.150447384,0.351299882,0.070424035
9.09548,-0.173171565,0.292726636,-0.075694926
9.10548,-0.175964087,0.205617234,-0.203732282
9.11548,-0.171583325,0.116622902,-0.302605182
9.12548,-0.153257355,0.02815216,-0.355139583
9.135481563,-0.106220737,-0.021310471,-0.365925729
9.145481563,-0.044505894,-0.02825688,-0.344842166
9.15548,0.013264502,-0.007923795,-0.303163677
9.16548,0.060702551,0.017994344,-0.253020376
9.175481563,0.069586277,0.022689281,-0.227503672
9.18548,0.044837508,-0.018046705,-0.235916153
9.19548,0.016964599,-0.090268426,-0.293005884
9.205481563,-0.019041542,-0.153327167,-0.383937538
9.215481563,-0.064943701,-0.188006863,-0.465042979
9.22548625,-0.093741633,-0.177395269,-0.49514991
9.23548,-0.099640846,-0.153780967,-0.459684819
9.24548,-0.086079635,-0.128072262,-0.366746038
9.25548,-0.061278511,-0.123237699,-0.2603333
9.26548,-0.030700341,-0.163432628,-0.195895761
9.275484688,-0.010070549,-0.251257598,-0.192248017
9.285481563,-0.010733775,-0.370742828,-0.252776027
9.295481563,-0.016842427,-0.499548137,-0.337843388
9.30548,-0.004450589,-0.589258075,-0.40084976
9.31548,0.013892821,-0.628894508,-0.423172534
9.32548,0.017558012,-0.66048497,-0.403886646
9.33548,0.019669861,-0.69392544,-0.340112299
9.34548,0.051871184,-0.702774286,-0.254573733
9.355481563,0.105958939,-0.667064846,-0.184498757
9.365481563,0.131894529,-0.604477346,-0.143012285
9.37548,0.119572505,-0.546445131,-0.126763269
9.38548,0.079534657,-0.4924272,-0.144652888
9.39548,-0.001291544,-0.460941464,-0.205407798
9.40548,-0.11697197,-0.468010038,-0.302029222
9.41548,-0.247260794,-0.498937279,-0.414184093
9.425481563,-0.375071257,-0.536060452,-0.515291035
9.43548,-0.460435301,-0.559796929,-0.582137108
9.44548,-0.490018636,-0.543198824,-0.615699828
9.45548,-0.471884668,-0.487627536,-0.618422508
9.46548,-0.45020768,-0.451429397,-0.61166811
9.47548,-0.457346082,-0.452546418,-0.610708177
9.48548,-0.473403096,-0.484992087,-0.623449087
9.495481563,-0.475130975,-0.516652346,-0.650833249
9.505481563,-0.449753881,-0.558714807,-0.682022333
9.51548,-0.404183358,-0.615525246,-0.702023804
9.52548,-0.341822743,-0.644235909,-0.701866686
9.53548,-0.283999979,-0.642403364,-0.681149662
9.54548,-0.234170824,-0.601632416,-0.644689739
9.555478438,-0.19626227,-0.524209619,-0.596169591
9.565481563,-0.179454759,-0.438287079,-0.5482952
9.575481563,-0.205948845,-0.365855902,-0.515081584
9.58548,-0.253404349,-0.317737192,-0.489687026
9.59548,-0.288590193,-0.286879778,-0.473839432
9.60548,-0.296932876,-0.282935321,-0.464484483
9.61548,-0.269356668,-0.290946394,-0.445914179
9.62548,-0.217206225,-0.322711378,-0.433923751
9.635481563,-0.165457219,-0.390936285,-0.444866985
9.645481563,-0.110863313,-0.444413185,-0.478831083
9.65548,-0.059672806,-0.461168349,-0.538329363
9.66548,-0.032777283,-0.458480537,-0.606205225
9.67548,-0.028850293,-0.457677692,-0.659839153
9.68548,-0.042673301,-0.45523423,-0.695792973
9.69548,-0.078749254,-0.462826401,-0.724329114
9.705481563,-0.134442717,-0.499338686,-0.756338418
9.715489375,-0.179175496,-0.560983717,-0.77824229
9.725481563,-0.206821516,-0.622401834,-0.799622595
9.73548,-0.22334978,-0.666907787,-0.821194887
9.74548,-0.233525053,-0.688008785,-0.855071723
9.75548,-0.248831585,-0.690312624,-0.897797346
9.76548,-0.263789058,-0.69837606,-0.939842343
9.775481563,-0.271485955,-0.716701984,-0.977140009
9.78548,-0.2631782,-0.722461581,-1.009306431
9.795481563,-0.245620191,-0.712268889,-1.04278183
9.80548,-0.236020878,-0.700452983,-1.060112953
9.81548,-0.2390403,-0.683994532,-1.057948828
9.82548,-0.26429522,-0.655388594,-1.040635109
9.83548,-0.309569061,-0.620761275,-1.013896704
9.84548,-0.371877313,-0.598333776,-0.986285567
9.855481563,-0.418460131,-0.590008557,-0.956545174
9.865481563,-0.430729806,-0.574318051,-0.927904308
9.87548,-0.412944913,-0.559866726,-0.90078187
9.88548,-0.373395741,-0.54532814,-0.873659432
9.89548,-0.318103701,-0.516896725,-0.839451015
9.90548,-0.262462616,-0.460644752,-0.799325883
9.91548,-0.204063892,-0.379574209,-0.756024241
9.925481563,-0.149470001,-0.288904339,-0.709999919
9.93548,-0.116256379,-0.186121911,-0.651321948
9.94548,-0.118577667,-0.105819315,-0.583376288
9.95548,-0.134564891,-0.041399211,-0.509723425
9.96548,-0.153885677,0.02825688,-0.428460866
9.97548,-0.17112954,0.090844385,-0.363307744
9.98548,-0.173346102,0.125489175,-0.314089447
9.995481563,-0.155822992,0.158214092,-0.26759389
10.00548156,-0.122644283,0.195756122,-0.219632238
10.01548,-0.092834063,0.227189511,-0.185353965
10.02548,-0.089168869,0.228323966,-0.167883217
10.03548,-0.116221473,0.208497033,-0.158545703
10.04548,-0.151267692,0.185441226,-0.149086028
10.05548,-0.170518667,0.158545703,-0.12891002
10.06548156,-0.171932384,0.109240159,-0.103183866
10.07548156,-0.153990403,0.056932639,-0.076829396
10.08548,-0.133447871,0.020839231,-0.055641096
10.09548,-0.116675258,-0.013055063,-0.039776053
10.10548,-0.110496797,-0.026651178,-0.030229103
10.11548,-0.116692714,-0.029286625,-0.028710665
10.12548,-0.127182141,-0.03754203,-0.039863318
10.13548156,-0.127217054,-0.054646257,-0.059061941
10.14548,-0.108734012,-0.07902851,-0.076166168
10.15548,-0.078592174,-0.109432146,-0.089378312
10.16548,-0.058608156,-0.14414674,-0.092746794
10.17548,-0.058747783,-0.177657068,-0.090006627
10.18548,-0.071471229,-0.190939024,-0.0832173
10.19548,-0.092101023,-0.182858139,-0.081663959
10.20548156,-0.114947386,-0.150011048,-0.092205741
10.21548156,-0.132383227,-0.100007363,-0.110845864
10.22548156,-0.15030776,-0.049043752,-0.14563027
10.23548,-0.172578156,-0.034487706,-0.184079871
10.24548,-0.192370191,-0.05766568,-0.219614774
10.25548,-0.207030952,-0.083356924,-0.246597573
10.26548,-0.211097568,-0.110653877,-0.26590091
10.27548156,-0.198566109,-0.130934596,-0.278135657
10.28548156,-0.179716557,-0.138195172,-0.287124127
10.29548,-0.159767434,-0.130550623,-0.290510058
10.30548,-0.142157063,-0.104649939,-0.290614784
10.31548,-0.142139614,-0.088837259,-0.287839711
10.32548,-0.167289808,-0.095417149,-0.276913941
10.33548,-0.19170697,-0.103166409,-0.261520147
10.34548,-0.209753662,-0.102869704,-0.251170337
10.35548156,-0.215565622,-0.107093401,-0.254085034
10.36548,-0.203610107,-0.106412724,-0.259652644
10.37548,-0.16907005,-0.093392566,-0.258779973
10.38548,-0.128438786,-0.076986469,-0.251048148
10.39548,-0.094457217,-0.067491882,-0.237469494
10.40548,-0.08578293,-0.076619953,-0.225915417
10.41548,-0.090652399,-0.087318823,-0.220557258
10.42548156,-0.091280721,-0.077736966,-0.217694923
10.43548,-0.084055059,-0.054524086,-0.221639365
10.44548,-0.078225657,-0.028029988,-0.226037592
10.45548156,-0.065746553,0.018256145,-0.222110599
10.46548,-0.051242866,0.085800387,-0.207781449
10.47548,-0.03885103,0.142191976,-0.187902153
10.48548,-0.022287855,0.169803083,-0.151459679
10.49548156,-0.001692969,0.185982287,-0.108943455
10.50548156,0.03010693,0.196244821,-0.068259828
10.51548,0.079272851,0.185301602,-0.039182641
10.52548,0.138003185,0.178564638,-0.029112091
10.53548,0.184760556,0.17420131,-0.034522612
10.54548,0.204849288,0.174986705,-0.044697881
10.55548,0.200660497,0.188478112,-0.04897394
10.56548156,0.183835536,0.185004905,-0.044942226
10.57548156,0.167918131,0.18341665,-0.038048178
10.58548,0.187640354,0.165247768,-0.061645027
10.59548,0.230557993,0.22038272,-0.062709682
10.60548,0.276756853,0.260158777,-0.003804818
10.61548,0.313251704,0.293983251,0.088278756
10.62548,0.348978579,0.334876329,0.164567098
10.63548156,0.388457924,0.356431127,0.194743842
10.64548156,0.417866737,0.345226139,0.182648703
10.65548,0.436995536,0.284017414,0.087598078
10.66548,0.50665164,0.392821252,0.043772858
10.67548,0.530370653,0.559901595,0.042132247
10.68548,0.540702999,0.750264704,0.066915922
10.69548,0.568226814,0.936962545,0.118682392
10.70548156,0.610202014,1.121356606,0.165771365
10.7154925,0.64102453,1.228886366,0.160151407
10.72548156,0.654358864,1.241400361,0.104841925
10.73548,0.656400859,1.149369121,0.04605924
10.74548,0.642926931,0.994279146,0.029705504
10.75548,0.609329343,0.900624812,0.068923049
10.76548,0.563514471,0.86755079,0.146974176
10.77548156,0.511643291,0.792815804,0.216193929
10.78548156,0.457241356,0.676559448,0.247452781
10.79548156,0.4026649,0.575696826,0.24656266
10.80548,0.354528725,0.498099506,0.231500477
10.81548,0.307788819,0.455496013,0.208252683
10.82548,0.258553088,0.457258821,0.16907005
10.83548,0.210416898,0.468079865,0.12133529
10.84548,0.159610361,0.461063623,0.071069807
10.85548156,0.102031946,0.455356389,0.020071287
10.86548156,0.039933134,0.463227838,-0.01860521
10.87548,-0.012391837,0.49733156,-0.042778019
10.88548,-0.05009095,0.561210632,-0.060091686
10.89548,-0.074717544,0.622436762,-0.074385934
10.90548,-0.091594882,0.646522284,-0.089971721
10.91548,-0.098000236,0.655039549,-0.094317593
10.92548156,-0.086446159,0.644986451,-0.07878416
10.93548,-0.070162237,0.596466243,-0.056810468
10.94548,-0.072884947,0.535711348,-0.041573744
10.95548,-0.099169604,0.492898434,-0.035255652
10.96548,-0.131597832,0.486091644,-0.02953097
10.97548,-0.152890846,0.507122874,-0.033894293
10.98548,-0.156643301,0.533669353,-0.050335295
10.99548156,-0.146974176,0.562833786,-0.070371673
11.00548156,-0.124407068,0.583062112,-0.086062185
11.01548,-0.09836676,0.561245501,-0.087580621
11.02548,-0.078208201,0.5339486,-0.07442084
11.03548,-0.065222956,0.512882471,-0.046094146
11.04548,-0.072518431,0.500665128,-0.014590953
11.05548,-0.093619458,0.507943153,0.013770647
11.06548156,-0.107686818,0.555695355,0.033091441
11.07548156,-0.098715819,0.644393027,0.0360585
11.08548,-0.060789816,0.728587687,0.022078415
11.09548,-0.053040557,0.797824919,0.012060225
11.10548,-0.287577897,0.765972674,0.079220496
11.11548,-0.455967277,0.536566556,0.141755641
11.12548156,-0.506407261,0.374739647,0.113359131
11.13548156,-0.45181337,0.241134688,0.036459927
11.14548156,-0.2822721,0.160727367,-0.061016709
11.15548,-0.013404129,0.131318569,-0.173189014
11.16548,0.29571113,0.12135274,-0.264801353
11.17548,0.490524799,0.153274819,-0.318871647
11.18548,0.466421783,0.090914197,-0.317981541
11.19548,0.263684332,-0.040858157,-0.268483996
