Time (s),Acceleration x (m/s^2),Acceleration y (m/s^2),Acceleration z (m/s^2),Gyroscope x (rad/s),Gyroscope y (rad/s),Gyroscope z (rad/s)
0.0,-0.3773065209388733,-0.22748631238937378,9.48770523071289,-0.0598570130847284,0.012613147041535598,0.0037883253245430495
0.008333333333333333,-0.284822940826416,-0.16581813991069794,9.459770202636719,-0.06559223868313332,0.011669862665510638,0.015103674955734253
0.016666666666666666,-0.2032777965068817,-0.19813863933086395,9.368956565856934,-0.0719359258504049,0.017879429503274997,0.028025290952906682
0.025,-0.18305906653404236,-0.2956089973449707,9.365744590759277,-0.0830018262328749,0.030177403913367328,0.03750191874595287
0.03333333333333333,-0.2022673785686493,-0.4648991525173187,9.312287330627441,-0.08942284910148886,0.03889269220740871,0.04471824057865935
0.041666666666666664,-0.22999441623687744,-0.6009774804115295,9.332262992858887,-0.09040278419171872,0.05517212157549392,0.04973506598944779
0.05,-0.2815106511116028,-0.6388418078422546,9.34073543548584,-0.08733554666286882,0.06655184220291613,0.05353366997147151
0.058333333333333334,-0.3377209007740021,-0.7210797071456909,9.30465316772461,-0.08397550289454309,0.0705869432121173,0.057744460550023045
0.06666666666666667,-0.3993973433971405,-0.7818476557731628,9.300349235534668,-0.07404378456368899,0.0673565412934188,0.05963191355477866
0.075,-0.424579381942749,-0.8285683989524841,9.281439781188965,-0.06558688739381795,0.06385745971024491,0.06006466890953813
0.08333333333333333,-0.43335413932800293,-0.8875389099121094,9.267423629760742,-0.05781934531092471,0.05735061231431395,0.05376747887042365
0.09166666666666666,-0.44585445523262024,-0.8797221779823303,9.199248313903809,-0.05878811176933307,0.05134311178396206,0.04830896819284558
0.1,-0.4230934679508209,-0.9663798809051514,9.16454792022705,-0.06112217272770577,0.041658609703672966,0.045671806212908235
0.10833333333333334,-0.3680573105812073,-1.0981346368789673,9.07394027709961,-0.06276285889033031,0.0306275842479154,0.042570600896592196
0.11666666666666667,-0.25998741388320923,-1.2957638502120972,8.968042373657227,-0.06359079406134391,0.02198024401237387,0.03500870062293432
0.125,-0.10628192871809006,-1.5052554607391357,8.75839614868164,-0.05877468361177419,0.020876465689671504,0.026210698290505357
0.13333333333333333,0.023713747039437294,-1.6316537857055664,8.54134750366211,-0.05247392743351253,0.03143004045743751,0.017557101706996744
0.14166666666666666,0.10488563776016235,-1.7026305198669434,8.350552558898926,-0.04816300615916321,0.056246394986150645,0.010248237107004616
0.15,0.07878085970878601,-1.7902764081954956,8.23902416229248,-0.05348517131130765,0.0869383528310403,0.001633530737715239
0.15833333333333333,-0.028336338698863983,-1.8801902532577515,8.164562225341797,-0.059609792672974185,0.1188404843647756,-0.00372327891528949
0.16666666666666666,-0.10082235932350159,-2.0291965007781982,8.134202003479004,-0.06417910715208844,0.14142424021145886,-0.005515065920188086
0.175,-0.1082102432847023,-2.1666157245635986,7.978704452514648,-0.0628357254744684,0.16462183804464856,-0.0017186944161719047
0.18333333333333332,-0.06754818558692932,-2.2923502922058105,7.777369022369385,-0.06115703933203979,0.18067057940568404,0.0062985263009973655
0.19166666666666668,0.009087646380066872,-2.4279754161834717,7.513760089874268,-0.06243651346587632,0.18999117716777064,0.016787279623801114
0.2,0.12606453895568848,-2.5115058422088623,7.311941623687744,-0.06696873094324361,0.19588243903891897,0.03397333225073336
0.20833333333333334,0.22829073667526245,-2.7375199794769287,7.059083938598633,-0.07075302459559736,0.19569017545297207,0.05285235846322358
0.21666666666666667,0.34112218022346497,-2.885500907897949,6.83685302734375,-0.07370716100190298,0.20059080797763817,0.07875237820662519
0.225,0.28288543224334717,-3.0344016551971436,6.603370189666748,-0.0733745488265089,0.21498051649285202,0.11305249488727348
0.23333333333333334,0.2379940003156662,-3.1237127780914307,6.401034355163574,-0.07137534708570004,0.23630499661809132,0.14620461436815108
0.24166666666666667,0.1879606693983078,-3.205307960510254,6.196136474609375,-0.06483719506339303,0.2640723292105048,0.18542811695602887
0.25,0.12659749388694763,-3.1402294635772705,6.035667419433594,-0.05569943995489722,0.2814457268977457,0.2340483004893854
0.25833333333333336,-0.09944099187850952,-3.0941052436828613,5.887332439422607,-0.04796855378769539,0.28492291646452134,0.2839094838012053
0.26666666666666666,-0.34650129079818726,-3.0134475231170654,5.890796661376953,-0.04258783238108285,0.2692953040956114,0.3257093617171393
0.275,-0.5631099343299866,-2.994889259338379,5.919034957885742,-0.036337139470125485,0.22824690366027045,0.36155407854052
0.2833333333333333,-0.7579343318939209,-2.981187105178833,6.046595096588135,-0.0327003599750269,0.16917690877312008,0.38700121525698594
0.2916666666666667,-0.858790397644043,-3.106123685836792,6.0557708740234375,-0.03209504842638711,0.10386247524238484,0.4104978860805916
0.3,-0.8451967835426331,-3.2968666553497314,6.058172225952148,-0.02537941752337234,0.034928248190878704,0.43825225240744775
0.30833333333333335,-0.7478067874908447,-3.4091274738311768,6.104862689971924,-0.020297771187770295,-0.036382292534169934,0.4724679801710542
0.31666666666666665,-0.6452218890190125,-3.4887447357177734,6.129034519195557,-0.02150302843157229,-0.10065154352796836,0.5171536927337117
0.325,-0.46953085064888,-3.3889176845550537,6.134095191955566,-0.027899025908317904,-0.15591360088571207,0.5681934746307029
0.3333333333333333,-0.4725160002708435,-3.186911106109619,6.1774420738220215,-0.04456830044809869,-0.20475282941872766,0.6192729043384227
0.3416666666666667,-0.8276122808456421,-2.9045190811157227,6.310398101806641,-0.06163814770534101,-0.2544884446851503,0.6614404649323559
0.35,-1.0373919010162354,-2.548694133758545,6.609375,-0.08113639840257209,-0.3161340991758139,0.6883358619391206
0.35833333333333334,-1.0296964645385742,-2.3858578205108643,6.710639476776123,-0.09869221430210502,-0.3880579575775294,0.7100713177548296
0.36666666666666664,-0.9309715628623962,-2.6198463439941406,6.672238349914551,-0.11242036031302956,-0.4481299168905517,0.7269941751646564
0.375,-0.7061241269111633,-2.9531867504119873,6.7648515701293945,-0.10823461177110316,-0.4939615876702703,0.7369135846978472
0.38333333333333336,-0.3505498766899109,-3.1773297786712646,6.7948384284973145,-0.09369063132736809,-0.5174729724588987,0.7504673435916419
0.39166666666666666,0.11005391925573349,-3.294386625289917,6.934605121612549,-0.07229553582134966,-0.5275027700192733,0.77025416443774
0.4,0.3379991054534912,-3.3022913932800293,7.17863655090332,-0.05363506150759788,-0.5386764618468642,0.7854070184080727
0.4083333333333333,0.4935303330421448,-3.2609031200408936,7.5570855140686035,-0.03578645185215674,-0.5583496655829566,0.7955862193056009
0.4166666666666667,0.7811126708984375,-3.2264676094055176,7.792571067810059,-0.028000558924877177,-0.5802360893429596,0.8151578567356205
0.425,1.0230722427368164,-3.1987764835357666,7.928484916687012,-0.028925520544542928,-0.6026063761835161,0.8472819710685923
0.43333333333333335,1.1388812065124512,-3.0466768741607666,8.173975944519043,-0.027275898228104403,-0.6180361989072172,0.8799105546910523
0.44166666666666665,1.1740641593933105,-2.824223518371582,8.289752960205078,-0.029198679729195594,-0.6206720625961231,0.9099299062355073
0.45,1.152287244796753,-2.721722364425659,8.376433372497559,-0.023866219794962326,-0.611373768808166,0.9320282177497394
0.4583333333333333,1.177320122718811,-2.645784854888916,8.477231979370117,-0.0033553660715126207,-0.5940781354247554,0.9357158969111723
0.4666666666666667,1.377915382385254,-2.4629299640655518,8.62677001953125,0.010204908724425787,-0.5682916121168724,0.9314644265469697
0.475,1.5708801746368408,-2.392382860183716,8.762245178222656,0.021994623001665697,-0.5375933209420154,0.933205734425718
0.48333333333333334,1.71761155128479,-2.5857503414154053,8.862018585205078,0.03178822938226936,-0.5034699382892075,0.9362061182888286
0.49166666666666664,1.9467463493347168,-2.654115676879883,8.893898010253906,0.038660348047056106,-0.4694039134683772,0.9425331898276116
0.5,1.9764138460159302,-2.6630914211273193,8.939497947692871,0.04484533994168338,-0.4430902840017402,0.9456168640538143
0.5083333333333333,1.7624708414077759,-2.5407180786132812,9.248002052307129,0.04382114228189855,-0.4287694015559481,0.9363481313539571
0.5166666666666667,1.596007227897644,-2.282599687576294,9.559892654418945,0.039413186236518676,-0.4341268494313469,0.9213869584030827
0.525,1.610899806022644,-1.843579888343811,9.734946250915527,0.05205452533490629,-0.4507000005005326,0.906795099316375
0.5333333333333333,1.7255918979644775,-1.277639627456665,9.87286376953125,0.08236390760563846,-0.47204330584572735,0.9057311664608882
0.5416666666666666,2.0130748748779297,-0.6944787502288818,9.959579467773438,0.11556170862158933,-0.47879608368475957,0.9261495559594987
0.55,2.3603875637054443,-0.16039757430553436,9.929459571838379,0.14189949795274032,-0.4637389703556151,0.9607420211488104
0.5583333333333333,2.6393582820892334,0.23936450481414795,9.904411315917969,0.15433476247821543,-0.4330737689573023,1.0140491851083815
0.5666666666666667,2.7702796459198,0.44828668236732483,9.902225494384766,0.15847408047101197,-0.38690074750486275,1.0738626513480978
0.575,2.7327260971069336,0.5792617201805115,9.7900390625,0.15030465073486896,-0.3158594273988859,1.123097375947747
0.5833333333333334,2.5344324111938477,0.6193320155143738,9.559025764465332,0.13417043022522032,-0.2112129092092033,1.141899160085652
0.5916666666666667,2.0888614654541016,0.607157289981842,9.560052871704102,0.11551214885817863,-0.10135371091650297,1.1337938293079959
0.6,1.6726104021072388,0.9340068697929382,9.831528663635254,0.09102965070043136,-0.012298240726201337,1.1125581156708402
0.6083333333333333,1.2314883470535278,1.395459532737732,10.0125732421875,0.05848408696376531,0.04453286376084382,1.0850199647349847
0.6166666666666667,0.9261633157730103,1.981094479560852,10.143482208251953,0.029723732341077724,0.06759547677746934,1.0542828246977263
0.625,0.7783846259117126,2.5505096912384033,10.363800048828125,0.004335530027148675,0.05056538968306405,1.0360862439175418
0.6333333333333333,0.6776245832443237,2.9910683631896973,10.392359733581543,-0.026675946291158395,0.009492299871882924,1.0441102151238961
0.6416666666666667,0.6479972004890442,3.2755002975463867,10.506271362304688,-0.06252433536401089,-0.05600449673538739,1.0702437483218163
0.65,0.7216638326644897,3.4950993061065674,10.435653686523438,-0.09618797735007625,-0.11940618971457888,1.1085521221801158
0.6583333333333333,0.8049147129058838,3.548247814178467,10.17642879486084,-0.1333440430165903,-0.154639028632757,1.1436877390737492
0.6666666666666666,0.86734938621521,3.439105272293091,9.93698787689209,-0.16867257264168634,-0.15227415822952345,1.1612197280039043
0.675,0.8736171126365662,3.3640358448028564,9.645614624023438,-0.1879710030333774,-0.12607406264910795,1.153133705144151
0.6833333333333333,0.8313563466072083,3.368285894393921,9.492111206054688,-0.17973349624186924,-0.08898951950261934,1.1172661184249095
0.6916666666666667,0.688697099685669,3.574859380722046,9.478611946105957,-0.15511240551651856,-0.05004124212983363,1.0671032821853679
0.7,0.5031479597091675,3.853875160217285,9.522564888000488,-0.12385165471943682,-0.019951801595033784,1.015621182520828
0.7083333333333334,0.46966636180877686,4.154224872589111,9.586637496948242,-0.09338351891941152,-0.006952805683883688,0.962230328724001
0.7166666666666667,0.5051916837692261,4.44517707824707,9.587145805358887,-0.06555976892378038,-0.0040161080413059136,0.9176199170411656
0.725,0.5101008415222168,4.553859710693359,9.517921447753906,-0.0498507428881089,-0.019163183420207078,0.8898882208730886
0.7333333333333333,0.4268559217453003,4.680800437927246,9.485488891601562,-0.04104020289261055,-0.04389597710852977,0.8736542566582381
0.7416666666666667,0.4066672921180725,4.825461387634277,9.453882217407227,-0.04546782055697577,-0.07932946024771013,0.8714480274321892
0.75,0.36352306604385376,4.952051639556885,9.375361442565918,-0.06481452490461373,-0.11759145349115004,0.8766276760153117
0.7583333333333333,0.26616451144218445,4.969890594482422,9.450288772583008,-0.09087060172670477,-0.17496275939937175,0.8739485359586919
0.7666666666666667,0.17720438539981842,5.102503776550293,9.554033279418945,-0.1030371699429477,-0.24238337884533137,0.8585550653838704
0.775,0.3041020631790161,5.144253730773926,9.51534652709961,-0.11851329005772414,-0.3031581130805119,0.8295060365825858
0.7833333333333333,0.47370535135269165,4.849181652069092,9.38845443725586,-0.11880651241612027,-0.34664876539350997,0.778906441924271
0.7916666666666666,0.6392956972122192,4.634467124938965,9.361855506896973,-0.09020311368899005,-0.36991467330866024,0.7130696376680953
0.8,0.9761291742324829,4.7382965087890625,9.453672409057617,-0.04651256200785705,-0.3841358203716289,0.6421065146296259
0.8083333333333333,1.3391422033309937,4.862627983093262,9.434839248657227,-0.02052265225528687,-0.37823595316120817,0.5707225455598967
0.8166666666666667,1.559167504310608,4.768523216247559,9.350895881652832,0.005010125896171209,-0.35478482239224296,0.4980078947619958
0.825,1.7474110126495361,4.717828273773193,9.342452049255371,0.021373159797133497,-0.325682863264293,0.42549394644174604
0.8333333333333334,1.8654227256774902,4.741142272949219,9.286861419677734,0.030323155806994923,-0.2835422338868833,0.3598239892278636
0.8416666666666667,1.7942131757736206,4.734078884124756,9.257506370544434,0.02375192233052209,-0.23367970234976165,0.30193998319790966
0.85,1.5697013139724731,4.771090507507324,9.448147773742676,-0.004161391020925167,-0.20179315863078173,0.25285932246732157
0.8583333333333333,1.1954160928726196,4.706842422485352,9.628923416137695,-0.03485067530175174,-0.1988497664149989,0.20470058152709167
0.8666666666666667,0.838715672492981,4.66974401473999,9.617144584655762,-0.059416218312428264,-0.2207839439822982,0.15265379184291422
0.875,0.5431522130966187,4.655547618865967,9.670455932617188,-0.08011164730462322,-0.26683888752990637,0.0983297164658532
0.8833333333333333,0.39394688606262207,4.558434963226318,9.846389770507812,-0.08222979247761775,-0.34104034787488485,0.03825520634384939
0.8916666666666667,0.3122961223125458,4.48356819152832,9.944790840148926,-0.06617970705246959,-0.43420444728760904,-0.02535840767908514
0.9,0.5252577066421509,4.499536037445068,10.030762672424316,-0.03261945813453734,-0.5383147712813178,-0.08789399489870162
0.9083333333333333,1.0258491039276123,4.482628345489502,9.941424369812012,0.0019884924002456466,-0.6239241817612734,-0.14493486909467174
0.9166666666666666,1.6456048488616943,4.4876909255981445,9.825587272644043,0.029620416254944864,-0.6821388858195879,-0.20701901305881695
0.925,2.280217409133911,4.520356178283691,9.78153133392334,0.04662365327601618,-0.7031961676637082,-0.26263478814359364
0.9333333333333333,2.8617441654205322,4.5446271896362305,9.581496238708496,0.05187428758575677,-0.6727333332187279,-0.3086003160576024
0.9416666666666667,3.2498762607574463,4.604777812957764,9.378804206848145,0.041880854657829286,-0.6138845305048654,-0.34906664934719295
0.95,3.231931686401367,4.657369613647461,9.397031784057617,0.025870082067678827,-0.544812018813757,-0.39267804272611256
0.9583333333333334,2.9247684478759766,4.5654377937316895,9.550399780273438,0.020596190871481283,-0.4965199200819413,-0.4496571731966848
0.9666666666666667,2.3692290782928467,4.399503231048584,9.75322151184082,0.028556878712432517,-0.48767466328492026,-0.5147415345763724
0.975,1.7450926303863525,4.14569616317749,10.109203338623047,0.05210185886209324,-0.5348216360375153,-0.5866226159530785
0.9833333333333333,1.2828547954559326,3.8767127990722656,10.518888473510742,0.08646781387831534,-0.6343043847420752,-0.6596728583378431
0.9916666666666667,1.1231658458709717,3.7412123680114746,10.76303768157959,0.11649606204528683,-0.7714267542657018,-0.7320389346385661
1.0,1.396931767463684,3.7350893020629883,10.879534721374512,0.14718069619717877,-0.9123154993609729,-0.8021554387664993
1.0083333333333333,2.0161213874816895,3.7965521812438965,10.85299301147461,0.16747355093990543,-1.036491310719343,-0.8732003874294615
1.0166666666666666,2.8112337589263916,3.9111626148223877,10.597286224365234,0.16579229734373838,-1.107468881406726,-0.9433503142290751
1.025,3.5990777015686035,4.06738805770874,10.479793548583984,0.1487305394383072,-1.1275220849408591,-1.0075843615622142
1.0333333333333334,4.251240253448486,4.1748948097229,10.347597122192383,0.11398000731592083,-1.0979714497482582,-1.0747268471218285
1.0416666666666667,4.671476364135742,4.331279754638672,10.282222747802734,0.06652102027448767,-1.0361236613308573,-1.1416967598428058
1.05,4.7641987800598145,4.268374919891357,10.275740623474121,0.01321631141654651,-0.9658732667791206,-1.2075926862751816
1.0583333333333333,4.607241153717041,4.115085124969482,10.334816932678223,-0.02847991959871303,-0.9127215648481829,-1.272847856149284
1.0666666666666667,4.271144866943359,3.81363582611084,10.562561988830566,-0.04521725871029136,-0.8876229360498673,-1.334276596169161
1.075,3.9458301067352295,3.487152099609375,10.883094787597656,-0.038054999047713485,-0.9069809879604626,-1.396813876992783
1.0833333333333333,3.705059051513672,3.278688430786133,11.065047264099121,-0.008136654129383617,-0.9540080851744905,-1.4508649950028678
1.0916666666666666,3.732208728790283,3.1081783771514893,11.090653419494629,0.028714920678371905,-1.016590373420535,-1.5031167482224403
1.1,4.002034664154053,3.209818124771118,11.225058555603027,0.05399737209033554,-1.0813125781814854,-1.5556711696999006
1.1083333333333334,4.4100728034973145,3.1407523155212402,11.237886428833008,0.05313682567953608,-1.121420649725433,-1.6073671211999738
1.1166666666666667,5.015253067016602,3.1270065307617188,11.036123275756836,0.027706416943667125,-1.1226329206536372,-1.6593457672497587
1.125,5.586452484130859,2.9916799068450928,10.87467098236084,-0.03380361606848426,-1.0803456509687048,-1.6982810492286626
1.1333333333333333,5.885800838470459,2.783843517303467,10.720827102661133,-0.11692689493063438,-1.0044626041324232,-1.7400993362456318
1.1416666666666666,5.830124855041504,2.4861745834350586,10.694891929626465,-0.18638132888919548,-0.9250791649383686,-1.7738887252082303
1.15,5.4947123527526855,2.0704829692840576,10.922286987304688,-0.22447964591651476,-0.8690705569480484,-1.8044618145223401
1.1583333333333334,5.159517288208008,1.7709739208221436,11.21481990814209,-0.2229579156696435,-0.8593056773371094,-1.8332628364471109
1.1666666666666667,4.9342122077941895,1.4686963558197021,11.548561096191406,-0.1887674213573656,-0.8838020988339306,-1.8482640233933636
1.175,4.789790153503418,1.0908633470535278,11.695101737976074,-0.12435262860999435,-0.9388906512466557,-1.856431805298582
1.1833333333333333,5.0846967697143555,0.7408291697502136,11.851122856140137,-0.049592428745938825,-1.0048349140528163,-1.8697958139647088
1.1916666666666667,5.610776901245117,0.48330605030059814,11.957212448120117,0.013455573553949515,-1.0574421992779146,-1.8840967227023255
1.2,6.277400493621826,0.3061298429965973,11.928120613098145,0.05594853290179289,-1.0794474333120485,-1.9111275414505207
1.2083333333333333,6.941062927246094,0.31226250529289246,11.803107261657715,0.07512826537146129,-1.0592171295654251,-1.9337285911995326
1.2166666666666666,7.5636725425720215,0.4789048731327057,11.783713340759277,0.0688059500719376,-0.9980284069387917,-1.948932577862795
1.225,8.030745506286621,0.6580052971839905,11.824265480041504,0.024243991276184672,-0.9007242238744576,-1.9475348177646667
1.2333333333333334,8.124516487121582,0.7361268997192383,11.799478530883789,-0.043769019225938656,-0.7842687833581728,-1.9297278574519612
1.2416666666666667,7.796473503112793,0.6426666975021362,11.945741653442383,-0.11658668442375515,-0.676919422978169,-1.9022955671694364
1.25,7.253503322601318,0.2223200649023056,12.198348045349121,-0.17464962158944886,-0.6068334120447171,-1.873732765004173
1.2583333333333333,6.68386173248291,-0.38951441645622253,12.421008110046387,-0.20419781000279835,-0.5739796581520908,-1.845277820863058
1.2666666666666666,6.32813835144043,-0.9779196977615356,12.561522483825684,-0.2008193238439238,-0.5783159501970124,-1.8222192400387702
1.275,6.1979851722717285,-1.4547899961471558,12.710039138793945,-0.17616094886331202,-0.602275012364883,-1.800497965555866
1.2833333333333334,6.335658073425293,-1.7206668853759766,12.836249351501465,-0.14102714624817123,-0.6206803183955023,-1.7897893948126573
1.2916666666666667,6.618593215942383,-1.6833300590515137,12.875852584838867,-0.11811544708037992,-0.6205211279413428,-1.77842954802487
1.3,6.905209541320801,-1.6570310592651367,12.888345718383789,-0.11711781861365786,-0.5947345380544327,-1.7712740336499906
1.3083333333333333,7.1549601554870605,-1.5564587116241455,12.85490894317627,-0.13588704560723655,-0.5484702700451443,-1.7669338800214884
1.3166666666666667,7.268306255340576,-1.4456329345703125,12.87701416015625,-0.178491780738863,-0.48856782093550555,-1.7545899952109165
1.325,7.247444152832031,-1.4060542583465576,12.837295532226562,-0.2348926390682382,-0.4105632333958394,-1.7255558135327091
1.3333333333333333,7.0256571769714355,-1.5682672262191772,12.962968826293945,-0.2990757534455294,-0.34298475507626536,-1.6801523790562751
1.3416666666666666,6.726797580718994,-1.9699050188064575,13.056413650512695,-0.34317147595819353,-0.2948245493974359,-1.6328023069810478
1.35,6.441483497619629,-2.3983824253082275,13.177720069885254,-0.3567893171657183,-0.2639183152757142,-1.5897127600177292
1.3583333333333334,6.238648891448975,-2.769697427749634,13.379083633422852,-0.3446265938882992,-0.24914434590471551,-1.555090866898372
1.3666666666666667,6.214660167694092,-3.0148797035217285,13.539542198181152,-0.32084376640556456,-0.24138539251633778,-1.5236101722847637
1.375,6.346068382263184,-3.31770658493042,13.634605407714844,-0.287555950544769,-0.22136036855548905,-1.50249143799849
1.3833333333333333,6.619460582733154,-3.4291107654571533,13.607420921325684,-0.2513279881957692,-0.17326359604487393,-1.482633843646423
1.3916666666666666,6.87414026260376,-3.318871259689331,13.428914070129395,-0.22971438864468816,-0.10151715410602817,-1.4635183391321065
1.4,7.018206596374512,-3.251504421234131,13.30252742767334,-0.2366231112103013,0.00041844391977361497,-1.4324320586759387
1.4083333333333334,6.864509105682373,-3.339320421218872,13.308516502380371,-0.26003218067880013,0.10503519822840125,-1.391457594250361
1.4166666666666667,6.4965667724609375,-3.451063632965088,13.707417488098145,-0.2863265688065612,0.19782772841241056,-1.342769283727369
1.425,6.138041973114014,-3.492521047592163,14.048331260681152,-0.31742859520267425,0.25886455098836847,-1.285891220220165
1.4333333333333333,5.892037868499756,-3.6462242603302,14.207535743713379,-0.35094813936782027,0.2975382439691994,-1.215032226780318
1.4416666666666667,5.694857597351074,-3.779325246810913,14.298182487487793,-0.36453202527144657,0.3177806318092691,-1.1491715872323858
1.45,5.666749477386475,-3.75107741355896,14.391036033630371,-0.36661335224237074,0.3351047277268299,-1.0845333386248002
1.4583333333333333,5.720014572143555,-3.7175331115722656,14.386445999145508,-0.36824676880745727,0.3545510634275612,-1.0214710155922688
1.4666666666666666,5.878513336181641,-3.6848130226135254,14.241975784301758,-0.36954958721272396,0.38932255962115353,-0.9583057613836058
1.475,6.0567946434021,-3.659686326980591,14.095964431762695,-0.3702143122208078,0.44897430540367494,-0.8921912560047619
1.4833333333333334,6.034375190734863,-3.6874332427978516,13.94204044342041,-0.3806746430609073,0.5337185214244909,-0.8271865564311814
1.4916666666666667,5.9713945388793945,-4.021697044372559,13.808549880981445,-0.40054804993194654,0.6200285762977327,-0.7661520308316636
1.5,5.8462042808532715,-4.076986312866211,13.511813163757324,-0.4155212736867535,0.7153003013971457,-0.7053850197636444
1.5083333333333333,5.578405380249023,-4.213715076446533,13.4678316116333,-0.43108778315340296,0.8124759203598563,-0.6430523362907675
1.5166666666666666,5.186648845672607,-4.322726726531982,13.643609046936035,-0.4484827857349871,0.8861528711281436,-0.5823050326148148
1.525,4.92099142074585,-4.22452449798584,13.719157218933105,-0.4558395352197357,0.9381270563831027,-0.5195693462899816
1.5333333333333334,4.670118808746338,-4.065209865570068,13.826591491699219,-0.4608012373571487,0.981729128698207,-0.4517564432154534
1.5416666666666667,4.540954113006592,-3.868720054626465,13.913423538208008,-0.4646112554811569,1.0099111654066164,-0.39024105059160824
1.55,4.633282661437988,-3.7622225284576416,13.897157669067383,-0.4634167278637155,1.031626980409286,-0.33393989435554283
1.5583333333333333,4.756636619567871,-3.654306173324585,13.827580451965332,-0.46419483695520936,1.0628118644048141,-0.2829558391043615
1.5666666666666667,4.775332927703857,-3.6349635124206543,13.566832542419434,-0.46175611376599657,1.1149194074513589,-0.2395685673759289
1.575,4.564361095428467,-3.6361515522003174,13.39176082611084,-0.4607637533648058,1.1721886227436682,-0.1938979512631328
1.5833333333333333,4.259970188140869,-3.8433115482330322,13.268059730529785,-0.46296921693204135,1.2158809762197262,-0.14395392699665469
1.5916666666666666,4.032897472381592,-4.301242828369141,13.17457389831543,-0.4397335358952634,1.235658276264927,-0.10546965134835563
1.6,4.100095748901367,-4.41091775894165,12.86987018585205,-0.38878799661134744,1.2596588171667757,-0.08255495612433801
1.6083333333333334,4.308229446411133,-4.087859630584717,12.75479507446289,-0.339208658966642,1.3049188404185088,-0.061583403100183065
1.6166666666666667,4.426566123962402,-3.699821710586548,12.811182022094727,-0.30864985085387786,1.3596345502786227,-0.03786446235528593
1.625,4.604540824890137,-3.3113842010498047,12.864250183105469,-0.29821928083895993,1.4104455333484627,-0.008502770119647658
1.6333333333333333,4.860347270965576,-3.011647939682007,12.81047248840332,-0.28953824121265587,1.4620199115447738,0.01662577346785002
1.6416666666666666,5.160886287689209,-2.5691301822662354,12.699586868286133,-0.28144536071309584,1.5273128983063553,0.04392570048300858
1.65,5.46644926071167,-2.332211971282959,12.472978591918945,-0.2825954135403329,1.605962836357175,0.07347033107958928
1.6583333333333334,5.46919059753418,-2.2353579998016357,12.179346084594727,-0.28551710099323163,1.6924995928182098,0.11282700004434942
1.6666666666666667,5.080474853515625,-2.249424695968628,11.967247009277344,-0.28673446521702045,1.7711625803583706,0.15646410957254508
1.675,4.470210075378418,-2.2978484630584717,11.788301467895508,-0.2730166888895904,1.822553999387793,0.19920553144711986
1.6833333333333333,3.934344530105591,-2.4247615337371826,11.759520530700684,-0.23758276466435452,1.8399341881358138,0.23928717111724843
1.6916666666666667,3.5942959785461426,-2.5471644401550293,11.633917808532715,-0.1840804742206647,1.830698878107637,0.2783252344694726
1.7,3.44771146774292,-2.2892162799835205,11.392770767211914,-0.1283302011784606,1.8159481614619062,0.3211546571733177
1.7083333333333333,3.375345230102539,-1.878284215927124,11.247757911682129,-0.08766053553964254,1.8079702629424101,0.3670509096094708
1.7166666666666666,3.393169403076172,-1.4058703184127808,11.191131591796875,-0.06411044336904563,1.789358362190228,0.4133458372608087
1.725,3.5084428787231445,-1.1300188302993774,10.95751667022705,-0.046205807462171955,1.7811504997106036,0.45148340262469305
1.7333333333333334,3.555164098739624,-0.9599774479866028,10.781862258911133,-0.03840287446510508,1.7854730764759112,0.48141919748994677
1.7416666666666667,3.45945405960083,-0.9054487347602844,10.574813842773438,-0.04313140852670324,1.7874715125579068,0.511011910627771
1.75,3.1707921028137207,-0.984489917755127,10.42529582977295,-0.04802668976205399,1.7796633905579036,0.536756589017026
1.7583333333333333,2.7518951892852783,-1.10202956199646,10.298171043395996,-0.04464826602101751,1.7481898864792382,0.5578696307964699
1.7666666666666666,2.269735336303711,-1.105208396911621,10.124588012695312,-0.03858794751610878,1.6981180637699498,0.5750846036883647
1.775,1.7666687965393066,-1.1030280590057373,10.00662899017334,-0.03384420014678354,1.6278897068762332,0.5871002538945843
1.7833333333333334,1.3807284832000732,-1.0549662113189697,9.83937931060791,-0.0212778706449737,1.5492656014879875,0.595352125111222
1.7916666666666667,1.2035870552062988,-1.0885498523712158,9.637182235717773,0.004723147402174554,1.469524166864399,0.6011960326492374
1.8,1.1474099159240723,-1.240322232246399,9.419172286987305,0.032322128682397595,1.3990538617856487,0.5990930674944563
1.8083333333333333,1.3627580404281616,-1.1100146770477295,9.031294822692871,0.07311906845418623,1.3562379546243357,0.5910723586604374
1.8166666666666667,1.713989019393921,-0.8467910289764404,8.641977310180664,0.12083822968936331,1.3561335587096046,0.587362575261957
1.825,1.9130982160568237,-0.5397167801856995,8.364150047302246,0.15383363878484657,1.3911916776155167,0.5792531831636385
1.8333333333333333,2.024322986602783,-0.22335436940193176,7.991143703460693,0.16350221183286562,1.4579387503322816,0.5760610517020422
1.8416666666666666,1.944554090499878,-0.07340649515390396,7.681468486785889,0.16289968828099202,1.5353766837710061,0.5752608383735007
1.85,1.6750812530517578,0.035136934369802475,7.472996711730957,0.15487020766013265,1.6136954577402745,0.5739744649879651
1.8583333333333334,1.2926571369171143,0.012496496550738811,7.156837463378906,0.15850512294246819,1.6762380648860769,0.5827776771292766
1.8666666666666667,0.6921141147613525,0.023068705573678017,7.739430904388428,0.1533195321811636,1.7042754253682675,0.595427958623262
1.875,0.1897023320198059,-0.007604395039379597,7.910212516784668,0.14155075700799444,1.6928910774984514,0.6083269127840336
1.8833333333333333,-0.09652885794639587,0.09266211837530136,7.619645595550537,0.14079072412239946,1.6580774367806084,0.6326989646579482
1.8916666666666666,-0.33033227920532227,0.08437826484441757,7.232320308685303,0.13611715104779779,1.615447950895601,0.6568961800062992
1.9,-0.5224441885948181,0.08316351473331451,6.882264137268066,0.11760937989423761,1.5640691818813566,0.6655674325155971
1.9083333333333334,-0.8040507435798645,0.037723131477832794,6.651984214782715,0.10266333702730623,1.5017164581212767,0.6783368238893364
1.9166666666666667,-1.0769935846328735,-0.3070117235183716,6.478271007537842,0.08431163543600312,1.4341340849286086,0.689874037205723
1.925,-1.2804206609725952,-0.5527787208557129,6.3128533363342285,0.08802260061221721,1.3745678266170787,0.675949233393053
1.9333333333333333,-1.3713408708572388,-0.492786705493927,6.17040491104126,0.11295663773278744,1.3256583405655553,0.6453202176960517
1.9416666666666667,-1.3459656238555908,-0.17433612048625946,6.084543228149414,0.1391866689083311,1.289886760803611,0.6125302465115329
1.95,-1.246821641921997,0.12348663806915283,5.937994003295898,0.15216287138547174,1.2712295863128973,0.5759051236202182
1.9583333333333333,-1.0893135070800781,0.37515270709991455,5.6184163093566895,0.1524945680992411,1.2699806969197047,0.5381142019617212
1.9666666666666666,-0.9295567274093628,0.562707781791687,5.322671413421631,0.13813288935450035,1.2773376794310487,0.5112139113964536
1.975,-0.8451720476150513,0.5896188020706177,5.156790733337402,0.11605865448099811,1.2930123798169826,0.4882593603022471
1.9833333333333334,-0.8184654712677002,0.7150281071662903,4.908970355987549,0.08871543029217975,1.3081826774924554,0.46973161544051134
1.9916666666666667,-0.896096408367157,0.8723313212394714,4.682364463806152,0.06238477323932313,1.3161218270180906,0.450081814232498
2.0,-0.875183641910553,1.0429073572158813,4.358745098114014,0.038891127600268284,1.3211631909616106,0.42978366645710475
2.0083333333333333,-0.9303534030914307,1.1785030364990234,3.972193717956543,0.016247774161518798,1.320457053798576,0.40726054745949125
2.0166666666666666,-1.145439863204956,1.2355331182479858,3.6099319458007812,-0.004570468688969501,1.3182476953582465,0.3721868490612022
2.025,-1.3406120538711548,1.234049677848816,3.4810001850128174,-0.03294594295882964,1.3058512131161455,0.33406093502708695
2.033333333333333,-1.5242888927459717,1.1747539043426514,3.385261058807373,-0.06461755085248874,1.280120016979909,0.29904046656108585
2.0416666666666665,-1.6814234256744385,1.0627235174179077,3.254227638244629,-0.10611585074210657,1.243715536984907,0.2754068093889093
2.05,-1.7778704166412354,0.9756780862808228,2.957223653793335,-0.14125030250276305,1.2053601583333682,0.25530045914627225
2.058333333333333,-1.7933669090270996,1.098892331123352,2.6827232837677,-0.17297504254076385,1.1569414928707464,0.24224725802411468
2.066666666666667,-1.795854091644287,1.3130782842636108,2.4480068683624268,-0.21230189242369354,1.1065960969384798,0.24430541549355517
2.075,-1.7308872938156128,1.5749542713165283,2.110551595687866,-0.25785667767382797,1.0465617214863412,0.2569797653058921
2.0833333333333335,-1.6349763870239258,1.7520679235458374,1.732715368270874,-0.30640267552606903,0.9999311023795989,0.28393351883004325
2.091666666666667,-1.5957943201065063,1.8463901281356812,1.2981425523757935,-0.35458252201793783,0.9572219879779981,0.3116369854905653
2.1,-1.571855902671814,1.933333158493042,0.983316957950592,-0.40555659041503134,0.924104847453563,0.3371329579235206
2.1083333333333334,-1.6042402982711792,2.017998456954956,0.6935282945632935,-0.4694010172806916,0.8978512722695073,0.3662438719306359
2.1166666666666667,-1.7858830690383911,2.0022389888763428,0.4196765422821045,-0.5269148439191247,0.8687674892159972,0.4027676282529594
2.125,-2.038623571395874,1.982132911682129,0.2803279161453247,-0.5720370152949326,0.8261129030377159,0.4369714383706878
2.1333333333333333,-2.34538197517395,1.9710009098052979,0.41704103350639343,-0.6125122701741748,0.7740336560777531,0.46986201046538434
2.1416666666666666,-2.608194351196289,1.7853442430496216,0.38375717401504517,-0.6451665533011541,0.7102739177347573,0.4999805647604448
2.15,-2.7647552490234375,1.7532397508621216,0.38676366209983826,-0.6601033583280543,0.6418212900768784,0.5254884548392782
2.158333333333333,-2.4407224655151367,2.1045053005218506,0.7316577434539795,-0.6820677128394557,0.5762828264418186,0.5721712386138725
2.1666666666666665,-2.9083311557769775,1.4472074508666992,0.46928131580352783,-0.7014926766724391,0.5458719902171221,0.5875382773148751
2.175,-2.996413469314575,0.8574715852737427,0.20675267279148102,-0.6668238453388693,0.51956308786142,0.5534466528580663
2.183333333333333,-3.1481871604919434,0.8177270889282227,0.06986425817012787,-0.5869385334373892,0.4696412344110168,0.5317807721258357
2.191666666666667,-3.3650403022766113,1.0720007419586182,0.046812232583761215,-0.5144231536680535,0.41380629781328343,0.5471744757272525
2.2,-3.5285067558288574,1.4342272281646729,0.37956473231315613,-0.4841240037615721,0.34132543926957787,0.5670531756309583
2.2083333333333335,-3.6504416465759277,1.6266889572143555,0.44041121006011963,-0.4563837521884933,0.2611118594742318,0.587445266413804
2.216666666666667,-3.531672716140747,1.6116536855697632,0.822834849357605,-0.4507526645110889,0.17230916904445998,0.6115056618611522
2.225,-3.117943286895752,2.003669023513794,1.4919441938400269,-0.4552491456955787,0.11192477932367942,0.6369815274278774
2.2333333333333334,-3.3735616207122803,1.8744028806686401,1.9062480926513672,-0.4995531939845143,0.07849949441636535,0.6943347654525786
2.2416666666666667,-3.836040496826172,1.5413426160812378,2.014334201812744,-0.5185700616699567,0.02980999171266647,0.7179791085586291
2.25,-4.110740661621094,1.231400489807129,2.0156302452087402,-0.5031990615168328,-0.04176488231473474,0.7406764981600746
2.2583333333333333,-4.1688032150268555,1.345641016960144,2.183098316192627,-0.47290623661794035,-0.12768325277065312,0.7733592771107178
2.2666666666666666,-4.184820652008057,1.7643744945526123,2.0725626945495605,-0.4309739995958293,-0.22235634086890824,0.8014062915518602
2.275,-4.221079349517822,1.5998879671096802,2.4533610343933105,-0.42273491155242393,-0.323274333663939,0.8267150437601829
2.283333333333333,-4.132781028747559,1.2557927370071411,2.7309679985046387,-0.42388879267372803,-0.42846576790216545,0.8258437906095635
2.2916666666666665,-4.073747634887695,1.0711932182312012,2.998440742492676,-0.4187218606848108,-0.5405508279115756,0.8035896841715615
2.3,-3.9196650981903076,0.8972142338752747,3.1935927867889404,-0.41540525973176695,-0.6352141871494735,0.7741780659878627
2.308333333333333,-3.780703544616699,0.5718418955802917,3.279106855392456,-0.4046853372644119,-0.700989871858632,0.7391470447460422
2.316666666666667,-3.659181833267212,-0.05510741472244263,3.5151543617248535,-0.3906845334921337,-0.7524104525019911,0.6925106998429561
2.325,-3.4641120433807373,-0.30052873492240906,3.4050984382629395,-0.3891787822118029,-0.7926926282022025,0.6500016554182475
2.3333333333333335,-3.054614782333374,0.42696407437324524,3.8680171966552734,-0.3268500601910475,-0.8099668231388379,0.6232243696058278
2.341666666666667,-2.947727680206299,0.7799726724624634,3.637641191482544,-0.311456589616226,-0.8214278034690213,0.6196412195171807
2.35,-2.6336426734924316,0.6438003778457642,3.583238124847412,-0.3098735733747693,-0.8287510304135484,0.6227750943299314
2.3583333333333334,-2.3244788646698,0.769946277141571,3.4431629180908203,-0.29293473699840206,-0.8292961129096604,0.6183824098489275
2.3666666666666667,-2.3242499828338623,0.8348135352134705,3.4627459049224854,-0.2656242530462349,-0.8430829649778643,0.6152956729874711
2.375,-2.444005012512207,0.9388481974601746,3.6222095489501953,-0.22337849538479426,-0.882401276100549,0.6032299553527581
2.3833333333333333,-2.4300553798675537,0.9431665539741516,3.9454002380371094,-0.18245028673839994,-0.9471363971927862,0.5767167219624197
2.3916666666666666,-2.1919596195220947,0.9609135985374451,4.163442611694336,-0.14979879993056522,-1.020694504397429,0.545699317509944
2.4,-1.9074691534042358,0.8943269848823547,4.324059963226318,-0.12202869598614237,-1.0888298829904521,0.5189476646230163
2.408333333333333,-1.6618409156799316,0.6057488918304443,4.424363613128662,-0.10665720481269242,-1.1458150721525044,0.48724499553254963
2.4166666666666665,-1.635474443435669,0.5452020168304443,4.58660364151001,-0.07674345592783753,-1.2043897024321433,0.44539138834162323
2.425,-1.5058684349060059,0.7806708812713623,4.8170342445373535,-0.05259086933369143,-1.2473859055992544,0.4030575466271282
2.433333333333333,-1.2961903810501099,1.0977506637573242,4.892750263214111,-0.0451563597063018,-1.2827422985472554,0.36566057307288125
2.441666666666667,-1.0462614297866821,1.3561049699783325,4.796847343444824,-0.058053008568254745,-1.3061454924165992,0.3348447033358973
2.45,-0.5178226828575134,1.8961457014083862,4.421103477478027,-0.0999881251332944,-1.3160963938296804,0.31487928424919587
2.4583333333333335,0.8320611715316772,2.8793017864227295,2.6876378059387207,-0.3011631391079335,-1.1706818061989013,0.31634978193459673
2.466666666666667,0.49997782707214355,2.709545135498047,4.160029411315918,-0.4542862132244333,-1.1719886193458031,0.31198486090795685
2.475,-0.23180274665355682,2.344043016433716,5.36273193359375,-0.5386948709478994,-1.1946101754352088,0.31356444832951014
2.4833333333333334,-0.36568301916122437,1.8428150415420532,5.380582332611084,-0.546116401826164,-1.1841617955305008,0.29813209560277343
2.4916666666666667,-0.2189965546131134,1.0204304456710815,5.613086223602295,-0.4951887057215516,-1.192522123982532,0.28482857398290523
2.5,0.035586170852184296,0.5002052783966064,6.1437482833862305,-0.40341234626335404,-1.2252031052994394,0.24591779308603
2.5083333333333333,0.3811599910259247,0.6477437019348145,6.3797383308410645,-0.3206647021117704,-1.2587761124234689,0.18784490235576215
2.5166666666666666,0.5815392136573792,0.877335786819458,6.211206436157227,-0.28170475260326955,-1.2704343664113997,0.13521357377944754
2.525,0.7436450719833374,1.1014471054077148,6.116714000701904,-0.2695072917183817,-1.2784960213471785,0.10121146482477911
2.533333333333333,0.957444965839386,1.4739049673080444,6.434407711029053,-0.2875544858061695,-1.2970153772514805,0.08573039289485081
2.5416666666666665,1.1753299236297607,1.5949422121047974,6.699197292327881,-0.33748436202935655,-1.3185033588228938,0.08239851205505268
2.55,1.315772533416748,1.5175504684448242,6.635781288146973,-0.39564946471236845,-1.33542575017953,0.07834106962101925
2.558333333333333,1.3728387355804443,1.364137053489685,6.679746627807617,-0.4470846261626955,-1.3462744031960767,0.07313780212797925
2.566666666666667,1.3071004152297974,1.17694091796875,7.129387378692627,-0.4702653795019905,-1.3463311285272954,0.07397470050053666
2.575,1.1672728061676025,1.0136412382125854,7.767220973968506,-0.46409020801388284,-1.3563250399919813,0.06845044303354723
2.5833333333333335,1.117754340171814,1.2273154258728027,8.328512191772461,-0.4277527398098104,-1.3877605940251132,0.0640491865027846
2.591666666666667,1.09537935256958,1.6702181100845337,8.783490180969238,-0.3658830136029302,-1.433466297285271,0.08302358093002948
2.6,1.0482892990112305,1.6101224422454834,9.065046310424805,-0.3128717268404669,-1.4798001070885243,0.11168078383355771
2.6083333333333334,1.1685153245925903,1.1767628192901611,8.998786926269531,-0.26421868655716146,-1.5080423978165962,0.10926267517565781
2.6166666666666667,1.6002906560897827,0.8220402002334595,8.562437057495117,-0.23697459853992128,-1.4824725892424184,0.0898085663734948
2.625,2.0696423053741455,0.16062118113040924,8.604276657104492,-0.23413698375368505,-1.420694309329469,0.07391569483763459
2.6333333333333333,2.17480206489563,-0.41373521089553833,8.976484298706055,-0.22943247639854647,-1.3443129850532334,0.04395848233155178
2.6416666666666666,1.8223876953125,-0.6430984139442444,9.632930755615234,-0.20775294696572916,-1.2909545552426782,0.014949519540510697
2.65,1.339969277381897,-0.63292396068573,10.294389724731445,-0.15679399200782185,-1.2920953202956136,-0.004222210182096876
2.658333333333333,1.0093612670898438,-0.3078796863555908,10.641016960144043,-0.09486664997523345,-1.345184770836071,-0.01421523401311081
2.6666666666666665,1.5072388648986816,0.33721858263015747,11.08972454071045,-0.04777121771210973,-1.4223173728558176,-0.04628386304924649
2.675,1.4308347702026367,1.4585005044937134,11.237993240356445,-0.07029124078495602,-1.4932072589643102,-0.050029328645144734
2.683333333333333,1.1394144296646118,0.9823617339134216,12.109248161315918,-0.10957498074774004,-1.5751810883716575,-0.023760802308281825
2.691666666666667,0.8865248560905457,0.47619375586509705,12.705192565917969,-0.08513853863209432,-1.681940025937991,-0.027299721036293
2.7,0.8626226186752319,0.11736615002155304,13.753608703613281,-0.0005626209333249423,-1.7755615898469637,-0.027717294292244416
2.7083333333333335,1.079552173614502,-0.09753388911485672,13.911471366882324,0.08895051251502809,-1.847638446853304,-0.05480316973478786
2.716666666666667,1.5997323989868164,0.0433058887720108,13.721175193786621,0.09946085252697233,-1.886573462516099,-0.07416254490354972
2.725,2.1659963130950928,0.14582417905330658,13.920005798339844,0.057267163826032,-1.9054215856569714,-0.07646581306181836
2.7333333333333334,2.579993963241577,0.20557095110416412,14.186413764953613,0.018607870640438923,-1.8937508148119169,-0.08143932465419018
2.7416666666666667,2.798145294189453,0.6561295986175537,14.582996368408203,-0.032571026053400724,-1.860453178544602,-0.07744886904395068
2.75,2.7506847381591797,0.8350781798362732,15.01045036315918,-0.07752794828356922,-1.8121341153067492,-0.0725754506966738
2.7583333333333333,2.584771156311035,0.051107048988342285,15.582145690917969,-0.05931973697956173,-1.768957482975785,-0.0778797601859471
2.7666666666666666,2.5453460216522217,-0.7411132454872131,16.247581481933594,0.033123321970996523,-1.7376572175260292,-0.09763159375322415
2.775,2.531757116317749,-1.1730316877365112,17.117704391479492,0.16093009756255347,-1.7193530450378056,-0.10787586732751267
2.783333333333333,2.4829397201538086,-0.9593164920806885,17.589279174804688,0.2721837519691545,-1.720505394841483,-0.09620904961220153
2.7916666666666665,2.538539409637451,0.020719561725854874,17.990638732910156,0.3614404614305145,-1.7200169710975624,-0.06518690556522326
2.8,2.6845662593841553,0.5279661417007446,17.85125160217285,0.37318853052620826,-1.6882875372381405,-0.020417299267039016
2.808333333333333,2.815319061279297,0.6509584784507751,17.9457950592041,0.3304806145470981,-1.649598464502014,0.016085090389023185
2.816666666666667,2.897158622741699,0.43975725769996643,17.495637893676758,0.2660980793384304,-1.60155903317862,0.029875865418348503
2.825,3.111943244934082,0.438660204410553,17.061010360717773,0.21681446908802146,-1.5178083426919715,0.018027528307613224
2.8333333333333335,3.177112340927124,0.5935141444206238,16.68821144104004,0.1879071870357564,-1.4028191720928571,-0.0115154763042863
2.841666666666667,3.307964563369751,0.7932716608047485,16.554317474365234,0.15670525880925176,-1.2881137613078908,-0.034108724863839465
2.85,3.2418715953826904,1.0504992008209229,16.557884216308594,0.13132406861927884,-1.1861562368708611,-0.040605296203033006
2.8583333333333334,3.3007493019104004,1.272526502609253,16.816537857055664,0.1222349411678122,-1.1115758752817917,-0.03163468566185869
2.8666666666666667,3.474017381668091,1.374011754989624,16.999603271484375,0.11126595488188586,-1.0465915488905502,-0.011625866412064687
2.875,3.6668853759765625,1.2926316261291504,17.165990829467773,0.08419323295841388,-0.9890972964861292,0.013032964218764865
2.8833333333333333,3.948909282684326,1.0199607610702515,17.128786087036133,0.046934847810581146,-0.9307359854098058,0.03852621211308938
2.8916666666666666,4.231926441192627,0.7608737349510193,16.885456085205078,0.00808541324553481,-0.8559068845749229,0.05366029495892637
2.9,4.413197040557861,0.569062352180481,16.46163558959961,-0.039963233031350125,-0.7612791118270912,0.059362892672788624
2.908333333333333,4.391706943511963,0.29979467391967773,15.973978042602539,-0.09588153073239221,-0.6613256826893734,0.061813608409285195
2.9166666666666665,4.326984882354736,0.15091800689697266,15.472254753112793,-0.14268930830827375,-0.5489537669410481,0.051934162937202315
2.925,4.094310760498047,0.03624836727976799,15.054938316345215,-0.18972952159067036,-0.44514118435721023,0.04119057162565915
2.933333333333333,3.5945169925689697,-0.15779708325862885,14.763727188110352,-0.21955957231589107,-0.3738228289188379,0.03181765315112554
2.941666666666667,3.094099283218384,-0.44933900237083435,14.591378211975098,-0.21241296288590664,-0.3594298413865319,0.025116773663836283
2.95,2.846080780029297,-0.5172743797302246,14.535565376281738,-0.17958184586254605,-0.389376189027605,0.015045568109700088
2.9583333333333335,2.8881289958953857,-0.6228359937667847,14.486854553222656,-0.13319563836484566,-0.44148736063113514,0.006000792173207613
2.966666666666667,3.199307680130005,-0.6855725049972534,14.403848648071289,-0.08748403453839754,-0.4901491394117673,0.0015870382908959903
2.975,3.7335362434387207,-0.6025782823562622,14.229879379272461,-0.04818762791567884,-0.5107628051973077,-0.008554584207309212
2.9833333333333334,4.441011428833008,-0.44054847955703735,13.94359016418457,-0.017240824279820013,-0.49344753100085775,-0.014485189082076976
2.9916666666666667,5.114980220794678,-0.3328464925289154,13.613259315490723,-0.0032114053097627,-0.4253385509921399,-0.017478654968137098
3.0,5.512972354888916,-0.20691092312335968,13.353973388671875,0.0005462986036566175,-0.3193139800963958,-0.019108155854183313
3.0083333333333333,5.584525108337402,-0.03062746860086918,13.069845199584961,-0.003474270492549504,-0.19377612828801852,-0.020253502376431535
3.0166666666666666,5.391856670379639,0.04994785413146019,12.917001724243164,-0.010509092695480575,-0.07536080094651723,-0.017266743287069748
3.025,5.034836292266846,0.03441232815384865,12.689708709716797,-0.01571278671041391,0.019874176691041776,-0.008951112248865196
3.033333333333333,4.5039215087890625,-0.06145143508911133,12.506095886230469,-0.0053702211658068,0.08542149949791523,-0.000599274248273109
3.0416666666666665,4.009726047515869,-0.023974064737558365,12.187905311584473,0.019875071346720476,0.11735268445466761,0.006650356408578004
3.05,3.514519214630127,-0.02013567090034485,11.780865669250488,0.04785029695172827,0.1249637741458971,0.014999963556627081
3.058333333333333,3.0807301998138428,-0.012521287426352501,11.460148811340332,0.08951605141726322,0.10247790611403107,0.018718100542432982
3.066666666666667,2.7986936569213867,0.15495172142982483,11.27784252166748,0.1281740400700411,0.06251853882745076,0.027373041190054244
3.075,2.665055274963379,0.24191220104694366,11.139391899108887,0.13810621613170754,0.007697800551846786,0.03663507645588889
3.0833333333333335,2.640460729598999,0.26694124937057495,11.055634498596191,0.13525736613462253,-0.047382225584200834,0.04033645009098951
3.091666666666667,2.82055401802063,0.2742573916912079,11.021210670471191,0.1244831984048139,-0.09835183734765768,0.04058881789378814
3.1,3.2459001541137695,0.43093058466911316,10.890183448791504,0.09724873937939003,-0.12349141224773316,0.041428832997058775
3.1083333333333334,3.5960540771484375,0.5156340599060059,10.597463607788086,0.05398385654780339,-0.11597106977064812,0.033974222745222854
3.1166666666666667,3.8244805335998535,0.5515567064285278,10.361977577209473,0.02108837216925235,-0.07145624060381119,0.022937382027553743
3.125,3.98329758644104,0.5585010647773743,10.143782615661621,-0.009644044918260498,0.003074828578253944,0.011993977692551686
3.1333333333333333,3.783165216445923,0.44427189230918884,9.961077690124512,-0.037946500200427974,0.08769430775121612,0.0003791007210984544
3.1416666666666666,3.32560658454895,0.2935413718223572,9.909111022949219,-0.058154641453354895,0.1569061610239846,-0.01802360430619456
3.15,2.792448043823242,0.11671946942806244,9.903411865234375,-0.06514609678270701,0.1866530046098972,-0.03753521658195727
3.158333333333333,2.2636373043060303,-0.049459308385849,9.840888023376465,-0.05501229862057554,0.1790571365487732,-0.05838486756840304
3.1666666666666665,1.9750628471374512,-0.06353194266557693,9.746692657470703,-0.03149911827880604,0.1352464388517748,-0.07929576293754223
3.175,1.8504968881607056,-0.18093612790107727,9.767770767211914,-0.008827726747205066,0.07160263956235989,-0.09469403552470429
3.183333333333333,1.971713900566101,-0.10118307173252106,9.894887924194336,0.008397439497791773,0.004426268918914718,-0.10368516697043444
3.191666666666667,2.318434476852417,0.0013049531262367964,10.019026756286621,0.02451637023786173,-0.05460190133540513,-0.10474959084624708
3.2,2.8426272869110107,0.1534712016582489,10.071490287780762,0.028798691658817113,-0.08598947685702349,-0.09583000688767758
3.2083333333333335,3.278451442718506,0.2283616065979004,10.04871654510498,0.014715634699855595,-0.08736952693390254,-0.08167362457346831
3.216666666666667,3.60715913772583,0.21692320704460144,9.97637939453125,-0.0050465545069024,-0.058419734172737055,-0.0681757712566192
3.225,3.752739667892456,0.22562167048454285,9.920700073242188,-0.02790659511147861,-0.006275502441135791,-0.05486655712992095
3.2333333333333334,3.840583562850952,0.0015444406308233738,9.796348571777344,-0.050651297434165125,0.05759603925352157,-0.04742938850263045
3.2416666666666667,3.8154137134552,-0.2825968265533447,9.670623779296875,-0.05608745836453256,0.1258583049889195,-0.05222179265730928
3.25,3.594848155975342,-0.48725929856300354,9.566961288452148,-0.046002408533917155,0.19376788913339607,-0.058529722725757335
3.2583333333333333,3.252751111984253,-0.6306065917015076,9.435524940490723,-0.022355545827804083,0.24277155121896724,-0.07270933279809913
3.2666666666666666,2.870677947998047,-0.6185612082481384,9.382049560546875,0.007619121306540408,0.2711764612211025,-0.08540116792746817
3.275,2.5493617057800293,-0.5732104182243347,9.43784236907959,0.03365011187937101,0.26120490366481647,-0.09196703346986881
3.283333333333333,2.3376588821411133,-0.5133946537971497,9.487927436828613,0.059779452679169044,0.2286473765091911,-0.08954578727530965
3.2916666666666665,2.2605788707733154,-0.4450055956840515,9.387138366699219,0.09511449040417895,0.1758499748717748,-0.07896359184820369
3.3,2.428232431411743,-0.16319726407527924,9.438459396362305,0.12299317641967138,0.12385418472247241,-0.06636208365286958
3.308333333333333,2.7394015789031982,0.0192493237555027,9.500343322753906,0.12835421956254175,0.08372270232806732,-0.04615306022783157
3.316666666666667,3.1904618740081787,0.10387071222066879,9.43786334991455,0.11622077441235668,0.06464786095464521,-0.027189081257162424
3.325,3.5801899433135986,0.11487419903278351,9.288213729858398,0.09892339332948072,0.08321216602472072,-0.01769144361982903
3.3333333333333335,3.896991491317749,0.12137582898139954,9.135843276977539,0.08226575347471221,0.13283993158937352,-0.013036729054696505
3.341666666666667,3.844365119934082,0.004545954056084156,9.059781074523926,0.0661101652585049,0.19418186088009207,-0.017809242724983798
3.35,3.5664849281311035,-0.11335781216621399,9.06499195098877,0.0549740780977437,0.24899855447979047,-0.03120808262533622
3.3583333333333334,3.1473541259765625,-0.1526099443435669,9.058570861816406,0.05263377119437693,0.28006208155339507,-0.04585756586013047
3.3666666666666667,2.739147186279297,-0.15619269013404846,9.11730670928955,0.05135117200744875,0.27812588021712337,-0.055521507504566296
3.375,2.4558942317962646,-0.1406169980764389,9.070137977600098,0.05230294416915103,0.2498810594860155,-0.06294570986629948
3.3833333333333333,2.3044612407684326,-0.0632615014910698,9.048995018005371,0.06377476439720875,0.19837745479567334,-0.062376608986106356
3.3916666666666666,2.3465752601623535,0.030232923105359077,9.126527786254883,0.07566412667229885,0.13606944717477176,-0.05378961223579574
3.4,2.530851125717163,0.13743214309215546,9.09676742553711,0.07416113009922061,0.08696337822290864,-0.04055863678849698
3.408333333333333,2.7197389602661133,0.21408183872699738,9.071746826171875,0.07454961872323591,0.04961211949324859,-0.02373380659332575
3.4166666666666665,2.9338109493255615,0.20593953132629395,9.106344223022461,0.06908216981124926,0.027502685120276066,-0.011753240413576132
3.425,3.114898204803467,0.27403172850608826,9.145241737365723,0.05749456449361114,0.02251983581933215,-0.004730041452387036
3.433333333333333,3.229052782058716,0.3389891982078552,9.140493392944336,0.034995738518566195,0.03148234660572235,0.0007488132792057289
3.441666666666667,3.217301845550537,0.33896204829216003,9.093379974365234,0.006048176674962307,0.04667141540569108,0.000271808066023946
3.45,3.167144536972046,0.23904787003993988,9.089365005493164,-0.009593081793791008,0.06124533560574352,-0.0072402439892873035
3.4583333333333335,3.1304166316986084,0.3036520183086395,9.105406761169434,-0.025766331137274223,0.0754488600324364,-0.00995094718616231
3.466666666666667,3.1030759811401367,0.31281477212905884,9.109064102172852,-0.03749967586497232,0.08971074513770483,-0.009110935203783577
3.475,3.039776563644409,0.1741146296262741,9.048502922058105,-0.038420384749272354,0.09785761290598782,-0.010496574798059903
3.4833333333333334,2.888582468032837,0.1263083815574646,8.998940467834473,-0.025393265961040756,0.10295759136062477,-0.009310098041429472
3.4916666666666667,2.7793447971343994,0.14437860250473022,8.987725257873535,-0.010981626938428503,0.10055556986018463,-0.014081937599065841
3.5,2.704772710800171,0.08922819048166275,9.003213882446289,-0.0025770356567679717,0.08605631387800607,-0.01981851662425912
3.5083333333333333,2.742283821105957,0.05752676725387573,9.066363334655762,0.0033220489900081585,0.07410749237039073,-0.027523474421535497
3.5166666666666666,2.820920705795288,0.07050201296806335,9.059996604919434,0.005518865606079303,0.06090467569043036,-0.036367961398553944
3.525,2.919649362564087,0.07827550917863846,9.081780433654785,0.00641610070193516,0.05747578088554768,-0.0419355576510952
